Workbook

Sheet 📋 사용 안내
A1: HACCP 원료수불부 & 원가관리 통합 시스템
A2: (주)단지 | 품목제조보고 기반 80개 제품 · 167개 원재료 자동화 관리
B4: 📌 시트 구성
B5: 시트명 | C5: 용도 | D5: 설명
B6: 🏭 원료 마스터 | C6: 단가 관리 | D6: 원료별 단가(원/kg) 입력 → 전 시트 자동 반영
B7: 📦 일일 생산 입력 | C7: 생산 실적 입력 | D7: 날짜·제품·생산량 입력 → 원료 사용량·원가 자동 계산
B8: 📊 월별 원료수불부 | C8: 재고 관리 | D8: 원료별 전재고/입고/사용/잔고 자동 집계
B9: 💰 원가 분석 | C9: 원가율 산출 | D9: 제품별 kg당 원재료비 & 원가율 자동 계산
B10: 🔖 배합비 참조 | C10: 숨김 시트 | D10: 수식 연산용 배합비 테이블 (수정 불필요)
B12: 📝 사용 순서
B13: STEP 1 | C13: 단가 입력 | D13: 🏭 원료 마스터 → 노란칸에 원료별 단가(원/kg) 입력
B14: STEP 2 | C14: 초기 재고 | D14: 📊 월별 원료수불부 → 전월재고(노란칸) 입력
B15: STEP 3 | C15: 입고 기록 | D15: 📊 월별 원료수불부 → 날짜별 입고 열에 입고량 입력
B16: STEP 4 | C16: 생산 입력 | D16: 📦 일일 생산 입력 → 날짜·제품명·생산량(kg) 입력
B17: STEP 5 | C17: 결과 확인 | D17: 원료 사용량·잔고·원가율이 자동 계산됨
B19: ⚠️ 주의 사항
B20: 단위 | D20: 생산량 및 재고는 모두 kg 기준
B21: 제품명 입력 | D21: 📦 일일 생산 입력의 제품명은 🔖 배합비 참조 시트 B1행 이름과 정확히 일치해야 함
B22: 배합비없음 | D22: 호박영양찰떡(1개)은 배합비 미등록으로 원료 계산 제외

Sheet 🏭 원료 마스터
A1: 원료 마스터 (단가 관리)
A2: ⚡ 노란색 칸(단가/규격)을 입력하면 원가 분석 시트에 자동 반영됩니다.
A3: No | B3: 원 료 명 | C3: 단가(원/kg) | D3: 규격/단위 | E3: 주요 거래처 | F3: 비고 | G3: 사용 제품 수
A4: 1 | B4: 간장 | C4: =IFERROR(SUMPRODUCT(('📥 원재료 입고'!$B$4:$B$500="간장")*'📥 원재료 입고'!$E$4:$E$500*'📥 원재료 입고'!$F$4:$F$500)/SUMPRODUCT(('📥 원재료 입고'!$B$4:$B$500="간장")*'📥 원재료 입고'!$E$4:$E$500),0) -> 0 | D4: kg | G4: 1
A5: 2 | B5: 강낭콩((울타리콩)) | C5: =IFERROR(SUMPRODUCT(('📥 원재료 입고'!$B$4:$B$500="강낭콩((울타리콩))")*'📥 원재료 입고'!$E$4:$E$500*'📥 원재료 입고'!$F$4:$F$500)/SUMPRODUCT(('📥 원재료 입고'!$B$4:$B$500="강낭콩((울타리콩))")*'📥 원재료 입고'!$E$4:$E$500),0) -> 0 | D5: kg | G5: 5
A6: 3 | B6: 건조딸기다이스(외국산) | C6: =IFERROR(SUMPRODUCT(('📥 원재료 입고'!$B$4:$B$500="건조딸기다이스(외국산)")*'📥 원재료 입고'!$E$4:$E$500*'📥 원재료 입고'!$F$4:$F$500)/SUMPRODUCT(('📥 원재료 입고'!$B$4:$B$500="건조딸기다이스(외국산)")*'📥 원재료 입고'!$E$4:$E$500),0) -> 0 | D6: kg | G6: 1
A7: 4 | B7: 건포도 | C7: =IFERROR(SUMPRODUCT(('📥 원재료 입고'!$B$4:$B$500="건포도")*'📥 원재료 입고'!$E$4:$E$500*'📥 원재료 입고'!$F$4:$F$500)/SUMPRODUCT(('📥 원재료 입고'!$B$4:$B$500="건포도")*'📥 원재료 입고'!$E$4:$E$500),0) -> 0 | D7: kg | G7: 2
A8: 5 | B8: 건호박채(중국산) | C8: =IFERROR(SUMPRODUCT(('📥 원재료 입고'!$B$4:$B$500="건호박채(중국산)")*'📥 원재료 입고'!$E$4:$E$500*'📥 원재료 입고'!$F$4:$F$500)/SUMPRODUCT(('📥 원재료 입고'!$B$4:$B$500="건호박채(중국산)")*'📥 원재료 입고'!$E$4:$E$500),0) -> 0 | D8: kg | G8: 11
A9: 6 | B9: 검정깨(흑임자) | C9: =IFERROR(SUMPRODUCT(('📥 원재료 입고'!$B$4:$B$500="검정깨(흑임자)")*'📥 원재료 입고'!$E$4:$E$500*'📥 원재료 입고'!$F$4:$F$500)/SUMPRODUCT(('📥 원재료 입고'!$B$4:$B$500="검정깨(흑임자)")*'📥 원재료 입고'!$E$4:$E$500),0) -> 0 | D9: kg | G9: 5
A10: 7 | B10: 검정콩 | C10: =IFERROR(SUMPRODUCT(('📥 원재료 입고'!$B$4:$B$500="검정콩")*'📥 원재료 입고'!$E$4:$E$500*'📥 원재료 입고'!$F$4:$F$500)/SUMPRODUCT(('📥 원재료 입고'!$B$4:$B$500="검정콩")*'📥 원재료 입고'!$E$4:$E$500),0) -> 0 | D10: kg | G10: 6
A11: 8 | B11: 계피가루 | C11: =IFERROR(SUMPRODUCT(('📥 원재료 입고'!$B$4:$B$500="계피가루")*'📥 원재료 입고'!$E$4:$E$500*'📥 원재료 입고'!$F$4:$F$500)/SUMPRODUCT(('📥 원재료 입고'!$B$4:$B$500="계피가루")*'📥 원재료 입고'!$E$4:$E$500),0) -> 0 | D11: kg | G11: 1
A12: 9 | B12: 고구마가루 | C12: =IFERROR(SUMPRODUCT(('📥 원재료 입고'!$B$4:$B$500="고구마가루")*'📥 원재료 입고'!$E$4:$E$500*'📥 원재료 입고'!$F$4:$F$500)/SUMPRODUCT(('📥 원재료 입고'!$B$4:$B$500="고구마가루")*'📥 원재료 입고'!$E$4:$E$500),0) -> 0 | D12: kg
A13: 10 | B13: 고구마무스 | C13: =IFERROR(SUMPRODUCT(('📥 원재료 입고'!$B$4:$B$500="고구마무스")*'📥 원재료 입고'!$E$4:$E$500*'📥 원재료 입고'!$F$4:$F$500)/SUMPRODUCT(('📥 원재료 입고'!$B$4:$B$500="고구마무스")*'📥 원재료 입고'!$E$4:$E$500),0) -> 0 | D13: kg | G13: 1
A14: 11 | B14: 고려엉겅퀴((곤드레)국내산) | C14: =IFERROR(SUMPRODUCT(('📥 원재료 입고'!$B$4:$B$500="고려엉겅퀴((곤드레)국내산)")*'📥 원재료 입고'!$E$4:$E$500*'📥 원재료 입고'!$F$4:$F$500)/SUMPRODUCT(('📥 원재료 입고'!$B$4:$B$500="고려엉겅퀴((곤드레)국내산)")*'📥 원재료 입고'!$E$4:$E$500),0) -> 0 | D14: kg | G14: 1
A15: 12 | B15: 기타가공품(복분자가루) | C15: =IFERROR(SUMPRODUCT(('📥 원재료 입고'!$B$4:$B$500="기타가공품(복분자가루)")*'📥 원재료 입고'!$E$4:$E$500*'📥 원재료 입고'!$F$4:$F$500)/SUMPRODUCT(('📥 원재료 입고'!$B$4:$B$500="기타가공품(복분자가루)")*'📥 원재료 입고'!$E$4:$E$500),0) -> 0 | D15: kg | G15: 1
A16: 13 | B16: 기타가공품(슈퍼소프트엠) | C16: =IFERROR(SUMPRODUCT(('📥 원재료 입고'!$B$4:$B$500="기타가공품(슈퍼소프트엠)")*'📥 원재료 입고'!$E$4:$E$500*'📥 원재료 입고'!$F$4:$F$500)/SUMPRODUCT(('📥 원재료 입고'!$B$4:$B$500="기타가공품(슈퍼소프트엠)")*'📥 원재료 입고'!$E$4:$E$500),0) -> 0 | D16: kg | G16: 1
A17: 14 | B17: 기타가공품(파인소프트 E-티) | C17: =IFERROR(SUMPRODUCT(('📥 원재료 입고'!$B$4:$B$500="기타가공품(파인소프트 E-티)")*'📥 원재료 입고'!$E$4:$E$500*'📥 원재료 입고'!$F$4:$F$500)/SUMPRODUCT(('📥 원재료 입고'!$B$4:$B$500="기타가공품(파인소프트 E-티)")*'📥 원재료 입고'!$E$4:$E$500),0) -> 0 | D17: kg | G17: 2
A18: 15 | B18: 기타가공품(프리미엄카스테라가루) | C18: =IFERROR(SUMPRODUCT(('📥 원재료 입고'!$B$4:$B$500="기타가공품(프리미엄카스테라가루)")*'📥 원재료 입고'!$E$4:$E$500*'📥 원재료 입고'!$F$4:$F$500)/SUMPRODUCT(('📥 원재료 입고'!$B$4:$B$500="기타가공품(프리미엄카스테라가루)")*'📥 원재료 입고'!$E$4:$E$500),0) -> 0 | D18: kg | G18: 14
A19: 16 | B19: 기타가공품(흑임자가루) | C19: =IFERROR(SUMPRODUCT(('📥 원재료 입고'!$B$4:$B$500="기타가공품(흑임자가루)")*'📥 원재료 입고'!$E$4:$E$500*'📥 원재료 입고'!$F$4:$F$500)/SUMPRODUCT(('📥 원재료 입고'!$B$4:$B$500="기타가공품(흑임자가루)")*'📥 원재료 입고'!$E$4:$E$500),0) -> 0 | D19: kg | G19: 4
A20: 17 | B20: 기타설탕(흑설탕) | C20: =IFERROR(SUMPRODUCT(('📥 원재료 입고'!$B$4:$B$500="기타설탕(흑설탕)")*'📥 원재료 입고'!$E$4:$E$500*'📥 원재료 입고'!$F$4:$F$500)/SUMPRODUCT(('📥 원재료 입고'!$B$4:$B$500="기타설탕(흑설탕)")*'📥 원재료 입고'!$E$4:$E$500),0) -> 0 | D20: kg | G20: 5
A21: 18 | B21: 냉동쑥(국내산) | C21: =IFERROR(SUMPRODUCT(('📥 원재료 입고'!$B$4:$B$500="냉동쑥(국내산)")*'📥 원재료 입고'!$E$4:$E$500*'📥 원재료 입고'!$F$4:$F$500)/SUMPRODUCT(('📥 원재료 입고'!$B$4:$B$500="냉동쑥(국내산)")*'📥 원재료 입고'!$E$4:$E$500),0) -> 0 | D21: kg | G21: 18
A22: 19 | B22: 냉동증숙고구마(중국산) | C22: =IFERROR(SUMPRODUCT(('📥 원재료 입고'!$B$4:$B$500="냉동증숙고구마(중국산)")*'📥 원재료 입고'!$E$4:$E$500*'📥 원재료 입고'!$F$4:$F$500)/SUMPRODUCT(('📥 원재료 입고'!$B$4:$B$500="냉동증숙고구마(중국산)")*'📥 원재료 입고'!$E$4:$E$500),0) -> 0 | D22: kg | G22: 1
A23: 20 | B23: 녹차가루 | C23: =IFERROR(SUMPRODUCT(('📥 원재료 입고'!$B$4:$B$500="녹차가루")*'📥 원재료 입고'!$E$4:$E$500*'📥 원재료 입고'!$F$4:$F$500)/SUMPRODUCT(('📥 원재료 입고'!$B$4:$B$500="녹차가루")*'📥 원재료 입고'!$E$4:$E$500),0) -> 0 | D23: kg | G23: 1
A24: 21 | B24: 다크초콜릿 컴파운드칩 | C24: =IFERROR(SUMPRODUCT(('📥 원재료 입고'!$B$4:$B$500="다크초콜릿 컴파운드칩")*'📥 원재료 입고'!$E$4:$E$500*'📥 원재료 입고'!$F$4:$F$500)/SUMPRODUCT(('📥 원재료 입고'!$B$4:$B$500="다크초콜릿 컴파운드칩")*'📥 원재료 입고'!$E$4:$E$500),0) -> 0 | D24: kg | G24: 1
A25: 22 | B25: 단호박분말(중국산) | C25: =IFERROR(SUMPRODUCT(('📥 원재료 입고'!$B$4:$B$500="단호박분말(중국산)")*'📥 원재료 입고'!$E$4:$E$500*'📥 원재료 입고'!$F$4:$F$500)/SUMPRODUCT(('📥 원재료 입고'!$B$4:$B$500="단호박분말(중국산)")*'📥 원재료 입고'!$E$4:$E$500),0) -> 0 | D25: kg | G25: 19
A26: 23 | B26: 당류가공품(단호박농축액) | C26: =IFERROR(SUMPRODUCT(('📥 원재료 입고'!$B$4:$B$500="당류가공품(단호박농축액)")*'📥 원재료 입고'!$E$4:$E$500*'📥 원재료 입고'!$F$4:$F$500)/SUMPRODUCT(('📥 원재료 입고'!$B$4:$B$500="당류가공품(단호박농축액)")*'📥 원재료 입고'!$E$4:$E$500),0) -> 0 | D26: kg | G26: 9
A27: 24 | B27: 당류가공품(알룰로스,에리스리톨,스테비올배당체혼합) | C27: =IFERROR(SUMPRODUCT(('📥 원재료 입고'!$B$4:$B$500="당류가공품(알룰로스,에리스리톨,스테비올배당체혼합)")*'📥 원재료 입고'!$E$4:$E$500*'📥 원재료 입고'!$F$4:$F$500)/SUMPRODUCT(('📥 원재료 입고'!$B$4:$B$500="당류가공품(알룰로스,에리스리톨,스테비올배당체혼합)")*'📥 원재료 입고'!$E$4:$E$500),0) -> 0 | D27: kg | G27: 1
A28: 25 | B28: 당류가공품(알룰로스제로파우더) | C28: =IFERROR(SUMPRODUCT(('📥 원재료 입고'!$B$4:$B$500="당류가공품(알룰로스제로파우더)")*'📥 원재료 입고'!$E$4:$E$500*'📥 원재료 입고'!$F$4:$F$500)/SUMPRODUCT(('📥 원재료 입고'!$B$4:$B$500="당류가공품(알룰로스제로파우더)")*'📥 원재료 입고'!$E$4:$E$500),0) -> 0 | D28: kg | G28: 1
A29: 26 | B29: 당절임(완두배기) | C29: =IFERROR(SUMPRODUCT(('📥 원재료 입고'!$B$4:$B$500="당절임(완두배기)")*'📥 원재료 입고'!$E$4:$E$500*'📥 원재료 입고'!$F$4:$F$500)/SUMPRODUCT(('📥 원재료 입고'!$B$4:$B$500="당절임(완두배기)")*'📥 원재료 입고'!$E$4:$E$500),0) -> 0 | D29: kg | G29: 1
A30: 27 | B30: 대추농축액 | C30: =IFERROR(SUMPRODUCT(('📥 원재료 입고'!$B$4:$B$500="대추농축액")*'📥 원재료 입고'!$E$4:$E$500*'📥 원재료 입고'!$F$4:$F$500)/SUMPRODUCT(('📥 원재료 입고'!$B$4:$B$500="대추농축액")*'📥 원재료 입고'!$E$4:$E$500),0) -> 0 | D30: kg | G30: 1
A31: 28 | B31: 대추채(국내산) | C31: =IFERROR(SUMPRODUCT(('📥 원재료 입고'!$B$4:$B$500="대추채(국내산)")*'📥 원재료 입고'!$E$4:$E$500*'📥 원재료 입고'!$F$4:$F$500)/SUMPRODUCT(('📥 원재료 입고'!$B$4:$B$500="대추채(국내산)")*'📥 원재료 입고'!$E$4:$E$500),0) -> 0 | D31: kg | G31: 3
A32: 29 | B32: 동부(미얀마산) | C32: =IFERROR(SUMPRODUCT(('📥 원재료 입고'!$B$4:$B$500="동부(미얀마산)")*'📥 원재료 입고'!$E$4:$E$500*'📥 원재료 입고'!$F$4:$F$500)/SUMPRODUCT(('📥 원재료 입고'!$B$4:$B$500="동부(미얀마산)")*'📥 원재료 입고'!$E$4:$E$500),0) -> 0 | D32: kg | G32: 5
A33: 30 | B33: 두류가공품(백옥앙금) | C33: =IFERROR(SUMPRODUCT(('📥 원재료 입고'!$B$4:$B$500="두류가공품(백옥앙금)")*'📥 원재료 입고'!$E$4:$E$500*'📥 원재료 입고'!$F$4:$F$500)/SUMPRODUCT(('📥 원재료 입고'!$B$4:$B$500="두류가공품(백옥앙금)")*'📥 원재료 입고'!$E$4:$E$500),0) -> 0 | D33: kg | G33: 3
A34: 31 | B34: 두류가공품(콩고물) | C34: =IFERROR(SUMPRODUCT(('📥 원재료 입고'!$B$4:$B$500="두류가공품(콩고물)")*'📥 원재료 입고'!$E$4:$E$500*'📥 원재료 입고'!$F$4:$F$500)/SUMPRODUCT(('📥 원재료 입고'!$B$4:$B$500="두류가공품(콩고물)")*'📥 원재료 입고'!$E$4:$E$500),0) -> 0 | D34: kg | G34: 16
A35: 32 | B35: 두류가공품(통팥고물) | C35: =IFERROR(SUMPRODUCT(('📥 원재료 입고'!$B$4:$B$500="두류가공품(통팥고물)")*'📥 원재료 입고'!$E$4:$E$500*'📥 원재료 입고'!$F$4:$F$500)/SUMPRODUCT(('📥 원재료 입고'!$B$4:$B$500="두류가공품(통팥고물)")*'📥 원재료 입고'!$E$4:$E$500),0) -> 0 | D35: kg | G35: 3
A36: 33 | B36: 딸기레진 | C36: =IFERROR(SUMPRODUCT(('📥 원재료 입고'!$B$4:$B$500="딸기레진")*'📥 원재료 입고'!$E$4:$E$500*'📥 원재료 입고'!$F$4:$F$500)/SUMPRODUCT(('📥 원재료 입고'!$B$4:$B$500="딸기레진")*'📥 원재료 입고'!$E$4:$E$500),0) -> 0 | D36: kg | G36: 2
A37: 34 | B37: 딸기분말(스트로우베리에이드(분말)) | C37: =IFERROR(SUMPRODUCT(('📥 원재료 입고'!$B$4:$B$500="딸기분말(스트로우베리에이드(분말))")*'📥 원재료 입고'!$E$4:$E$500*'📥 원재료 입고'!$F$4:$F$500)/SUMPRODUCT(('📥 원재료 입고'!$B$4:$B$500="딸기분말(스트로우베리에이드(분말))")*'📥 원재료 입고'!$E$4:$E$500),0) -> 0 | D37: kg | G37: 1
A38: 35 | B38: 마스카포네치즈 | C38: =IFERROR(SUMPRODUCT(('📥 원재료 입고'!$B$4:$B$500="마스카포네치즈")*'📥 원재료 입고'!$E$4:$E$500*'📥 원재료 입고'!$F$4:$F$500)/SUMPRODUCT(('📥 원재료 입고'!$B$4:$B$500="마스카포네치즈")*'📥 원재료 입고'!$E$4:$E$500),0) -> 0 | D38: kg | G38: 1
A39: 36 | B39: 마카다미아분태(호주산) | C39: =IFERROR(SUMPRODUCT(('📥 원재료 입고'!$B$4:$B$500="마카다미아분태(호주산)")*'📥 원재료 입고'!$E$4:$E$500*'📥 원재료 입고'!$F$4:$F$500)/SUMPRODUCT(('📥 원재료 입고'!$B$4:$B$500="마카다미아분태(호주산)")*'📥 원재료 입고'!$E$4:$E$500),0) -> 0 | D39: kg | G39: 4
A40: 37 | B40: 멥쌀(국내산) | C40: 1050 | D40: kg | G40: 29
A41: 38 | B41: 모시잎(국내산) | C41: =IFERROR(SUMPRODUCT(('📥 원재료 입고'!$B$4:$B$500="모시잎(국내산)")*'📥 원재료 입고'!$E$4:$E$500*'📥 원재료 입고'!$F$4:$F$500)/SUMPRODUCT(('📥 원재료 입고'!$B$4:$B$500="모시잎(국내산)")*'📥 원재료 입고'!$E$4:$E$500),0) -> 0 | D41: kg | G41: 3
A42: 39 | B42: 물엿(저당물엿) | C42: =IFERROR(SUMPRODUCT(('📥 원재료 입고'!$B$4:$B$500="물엿(저당물엿)")*'📥 원재료 입고'!$E$4:$E$500*'📥 원재료 입고'!$F$4:$F$500)/SUMPRODUCT(('📥 원재료 입고'!$B$4:$B$500="물엿(저당물엿)")*'📥 원재료 입고'!$E$4:$E$500),0) -> 0 | D42: kg | G42: 34
A43: 40 | B43: 밤다이스 | C43: =IFERROR(SUMPRODUCT(('📥 원재료 입고'!$B$4:$B$500="밤다이스")*'📥 원재료 입고'!$E$4:$E$500*'📥 원재료 입고'!$F$4:$F$500)/SUMPRODUCT(('📥 원재료 입고'!$B$4:$B$500="밤다이스")*'📥 원재료 입고'!$E$4:$E$500),0) -> 0 | D43: kg | G43: 13
A44: 41 | B44: 변성전분(타피오카전분) | C44: =IFERROR(SUMPRODUCT(('📥 원재료 입고'!$B$4:$B$500="변성전분(타피오카전분)")*'📥 원재료 입고'!$E$4:$E$500*'📥 원재료 입고'!$F$4:$F$500)/SUMPRODUCT(('📥 원재료 입고'!$B$4:$B$500="변성전분(타피오카전분)")*'📥 원재료 입고'!$E$4:$E$500),0) -> 0 | D44: kg | G44: 6
A45: 42 | B45: 복음땅콩분태 | C45: =IFERROR(SUMPRODUCT(('📥 원재료 입고'!$B$4:$B$500="복음땅콩분태")*'📥 원재료 입고'!$E$4:$E$500*'📥 원재료 입고'!$F$4:$F$500)/SUMPRODUCT(('📥 원재료 입고'!$B$4:$B$500="복음땅콩분태")*'📥 원재료 입고'!$E$4:$E$500),0) -> 0 | D45: kg | G45: 1
A46: 43 | B46: 사양벌꿀(국내산) | C46: =IFERROR(SUMPRODUCT(('📥 원재료 입고'!$B$4:$B$500="사양벌꿀(국내산)")*'📥 원재료 입고'!$E$4:$E$500*'📥 원재료 입고'!$F$4:$F$500)/SUMPRODUCT(('📥 원재료 입고'!$B$4:$B$500="사양벌꿀(국내산)")*'📥 원재료 입고'!$E$4:$E$500),0) -> 0 | D46: kg | G46: 3
A47: 44 | B47: 생크림 | C47: =IFERROR(SUMPRODUCT(('📥 원재료 입고'!$B$4:$B$500="생크림")*'📥 원재료 입고'!$E$4:$E$500*'📥 원재료 입고'!$F$4:$F$500)/SUMPRODUCT(('📥 원재료 입고'!$B$4:$B$500="생크림")*'📥 원재료 입고'!$E$4:$E$500),0) -> 0 | D47: kg | G47: 6
A48: 45 | B48: 서양호박(국내산,뉴질랜드산) | C48: =IFERROR(SUMPRODUCT(('📥 원재료 입고'!$B$4:$B$500="서양호박(국내산,뉴질랜드산)")*'📥 원재료 입고'!$E$4:$E$500*'📥 원재료 입고'!$F$4:$F$500)/SUMPRODUCT(('📥 원재료 입고'!$B$4:$B$500="서양호박(국내산,뉴질랜드산)")*'📥 원재료 입고'!$E$4:$E$500),0) -> 0 | D48: kg | G48: 3
A49: 46 | B49: 설탕 | C49: =IFERROR(SUMPRODUCT(('📥 원재료 입고'!$B$4:$B$500="설탕")*'📥 원재료 입고'!$E$4:$E$500*'📥 원재료 입고'!$F$4:$F$500)/SUMPRODUCT(('📥 원재료 입고'!$B$4:$B$500="설탕")*'📥 원재료 입고'!$E$4:$E$500),0) -> 0 | D49: kg | G49: 69
A50: 47 | B50: 스트로우베리 에이드 후레쉬 | C50: =IFERROR(SUMPRODUCT(('📥 원재료 입고'!$B$4:$B$500="스트로우베리 에이드 후레쉬")*'📥 원재료 입고'!$E$4:$E$500*'📥 원재료 입고'!$F$4:$F$500)/SUMPRODUCT(('📥 원재료 입고'!$B$4:$B$500="스트로우베리 에이드 후레쉬")*'📥 원재료 입고'!$E$4:$E$500),0) -> 0 | D50: kg | G50: 1
A51: 48 | B51: 식물성기름혼합제제(분홍) | C51: =IFERROR(SUMPRODUCT(('📥 원재료 입고'!$B$4:$B$500="식물성기름혼합제제(분홍)")*'📥 원재료 입고'!$E$4:$E$500*'📥 원재료 입고'!$F$4:$F$500)/SUMPRODUCT(('📥 원재료 입고'!$B$4:$B$500="식물성기름혼합제제(분홍)")*'📥 원재료 입고'!$E$4:$E$500),0) -> 0 | D51: kg | G51: 0
A52: 49 | B52: 식물성기름혼합제제(초록) | C52: =IFERROR(SUMPRODUCT(('📥 원재료 입고'!$B$4:$B$500="식물성기름혼합제제(초록)")*'📥 원재료 입고'!$E$4:$E$500*'📥 원재료 입고'!$F$4:$F$500)/SUMPRODUCT(('📥 원재료 입고'!$B$4:$B$500="식물성기름혼합제제(초록)")*'📥 원재료 입고'!$E$4:$E$500),0) -> 0 | D52: kg | G52: 0
A53: 50 | B53: 식물성기름혼합제제(황색) | C53: =IFERROR(SUMPRODUCT(('📥 원재료 입고'!$B$4:$B$500="식물성기름혼합제제(황색)")*'📥 원재료 입고'!$E$4:$E$500*'📥 원재료 입고'!$F$4:$F$500)/SUMPRODUCT(('📥 원재료 입고'!$B$4:$B$500="식물성기름혼합제제(황색)")*'📥 원재료 입고'!$E$4:$E$500),0) -> 0 | D53: kg | G53: 0
A54: 51 | B54: 쑥가루(국내산) | C54: =IFERROR(SUMPRODUCT(('📥 원재료 입고'!$B$4:$B$500="쑥가루(국내산)")*'📥 원재료 입고'!$E$4:$E$500*'📥 원재료 입고'!$F$4:$F$500)/SUMPRODUCT(('📥 원재료 입고'!$B$4:$B$500="쑥가루(국내산)")*'📥 원재료 입고'!$E$4:$E$500),0) -> 0 | D54: kg | G54: 22
A55: 52 | B55: 아몬드슬라이스 | C55: =IFERROR(SUMPRODUCT(('📥 원재료 입고'!$B$4:$B$500="아몬드슬라이스")*'📥 원재료 입고'!$E$4:$E$500*'📥 원재료 입고'!$F$4:$F$500)/SUMPRODUCT(('📥 원재료 입고'!$B$4:$B$500="아몬드슬라이스")*'📥 원재료 입고'!$E$4:$E$500),0) -> 0 | D55: kg | G55: 2
A56: 53 | B56: 알룰로오스(국내산) | C56: =IFERROR(SUMPRODUCT(('📥 원재료 입고'!$B$4:$B$500="알룰로오스(국내산)")*'📥 원재료 입고'!$E$4:$E$500*'📥 원재료 입고'!$F$4:$F$500)/SUMPRODUCT(('📥 원재료 입고'!$B$4:$B$500="알룰로오스(국내산)")*'📥 원재료 입고'!$E$4:$E$500),0) -> 0 | D56: kg | G56: 1
A57: 54 | B57: 연유 | C57: =IFERROR(SUMPRODUCT(('📥 원재료 입고'!$B$4:$B$500="연유")*'📥 원재료 입고'!$E$4:$E$500*'📥 원재료 입고'!$F$4:$F$500)/SUMPRODUCT(('📥 원재료 입고'!$B$4:$B$500="연유")*'📥 원재료 입고'!$E$4:$E$500),0) -> 0 | D57: kg | G57: 6
A58: 55 | B58: 옥수수전분 | C58: =IFERROR(SUMPRODUCT(('📥 원재료 입고'!$B$4:$B$500="옥수수전분")*'📥 원재료 입고'!$E$4:$E$500*'📥 원재료 입고'!$F$4:$F$500)/SUMPRODUCT(('📥 원재료 입고'!$B$4:$B$500="옥수수전분")*'📥 원재료 입고'!$E$4:$E$500),0) -> 0 | D58: kg | G58: 5
A59: 56 | B59: 완두배기 | C59: =IFERROR(SUMPRODUCT(('📥 원재료 입고'!$B$4:$B$500="완두배기")*'📥 원재료 입고'!$E$4:$E$500*'📥 원재료 입고'!$F$4:$F$500)/SUMPRODUCT(('📥 원재료 입고'!$B$4:$B$500="완두배기")*'📥 원재료 입고'!$E$4:$E$500),0) -> 0 | D59: kg | G59: 2
A60: 57 | B60: 우유(국내산) | C60: =IFERROR(SUMPRODUCT(('📥 원재료 입고'!$B$4:$B$500="우유(국내산)")*'📥 원재료 입고'!$E$4:$E$500*'📥 원재료 입고'!$F$4:$F$500)/SUMPRODUCT(('📥 원재료 입고'!$B$4:$B$500="우유(국내산)")*'📥 원재료 입고'!$E$4:$E$500),0) -> 0 | D60: kg | G60: 2
A61: 58 | B61: 자색고구마가루(중국산) | C61: =IFERROR(SUMPRODUCT(('📥 원재료 입고'!$B$4:$B$500="자색고구마가루(중국산)")*'📥 원재료 입고'!$E$4:$E$500*'📥 원재료 입고'!$F$4:$F$500)/SUMPRODUCT(('📥 원재료 입고'!$B$4:$B$500="자색고구마가루(중국산)")*'📥 원재료 입고'!$E$4:$E$500),0) -> 0 | D61: kg | G61: 3
A62: 59 | B62: 자연치즈(체다치즈) | C62: =IFERROR(SUMPRODUCT(('📥 원재료 입고'!$B$4:$B$500="자연치즈(체다치즈)")*'📥 원재료 입고'!$E$4:$E$500*'📥 원재료 입고'!$F$4:$F$500)/SUMPRODUCT(('📥 원재료 입고'!$B$4:$B$500="자연치즈(체다치즈)")*'📥 원재료 입고'!$E$4:$E$500),0) -> 0 | D62: kg | G62: 1
A63: 60 | B63: 정제수 | C63: =IFERROR(SUMPRODUCT(('📥 원재료 입고'!$B$4:$B$500="정제수")*'📥 원재료 입고'!$E$4:$E$500*'📥 원재료 입고'!$F$4:$F$500)/SUMPRODUCT(('📥 원재료 입고'!$B$4:$B$500="정제수")*'📥 원재료 입고'!$E$4:$E$500),0) -> 0 | D63: kg | G63: 61
A64: 61 | B64: 젤라틴 | C64: =IFERROR(SUMPRODUCT(('📥 원재료 입고'!$B$4:$B$500="젤라틴")*'📥 원재료 입고'!$E$4:$E$500*'📥 원재료 입고'!$F$4:$F$500)/SUMPRODUCT(('📥 원재료 입고'!$B$4:$B$500="젤라틴")*'📥 원재료 입고'!$E$4:$E$500),0) -> 0 | D64: kg | G64: 6
A65: 62 | B65: 조림류(백옥앙금) | C65: =IFERROR(SUMPRODUCT(('📥 원재료 입고'!$B$4:$B$500="조림류(백옥앙금)")*'📥 원재료 입고'!$E$4:$E$500*'📥 원재료 입고'!$F$4:$F$500)/SUMPRODUCT(('📥 원재료 입고'!$B$4:$B$500="조림류(백옥앙금)")*'📥 원재료 입고'!$E$4:$E$500),0) -> 0 | D65: kg | G65: 8
A66: 63 | B66: 조림류(통팥앙금) | C66: =IFERROR(SUMPRODUCT(('📥 원재료 입고'!$B$4:$B$500="조림류(통팥앙금)")*'📥 원재료 입고'!$E$4:$E$500*'📥 원재료 입고'!$F$4:$F$500)/SUMPRODUCT(('📥 원재료 입고'!$B$4:$B$500="조림류(통팥앙금)")*'📥 원재료 입고'!$E$4:$E$500),0) -> 0 | D66: kg | G66: 13
A67: 64 | B67: 준초콜릿(외국산) | C67: =IFERROR(SUMPRODUCT(('📥 원재료 입고'!$B$4:$B$500="준초콜릿(외국산)")*'📥 원재료 입고'!$E$4:$E$500*'📥 원재료 입고'!$F$4:$F$500)/SUMPRODUCT(('📥 원재료 입고'!$B$4:$B$500="준초콜릿(외국산)")*'📥 원재료 입고'!$E$4:$E$500),0) -> 0 | D67: kg | G67: 1
A68: 65 | B68: 중력분 | C68: =IFERROR(SUMPRODUCT(('📥 원재료 입고'!$B$4:$B$500="중력분")*'📥 원재료 입고'!$E$4:$E$500*'📥 원재료 입고'!$F$4:$F$500)/SUMPRODUCT(('📥 원재료 입고'!$B$4:$B$500="중력분")*'📥 원재료 입고'!$E$4:$E$500),0) -> 0 | D68: kg | G68: 32
A69: 66 | B69: 참깨(인도산,나이지리아산,탄자니아산,미얀마산) | C69: =IFERROR(SUMPRODUCT(('📥 원재료 입고'!$B$4:$B$500="참깨(인도산,나이지리아산,탄자니아산,미얀마산)")*'📥 원재료 입고'!$E$4:$E$500*'📥 원재료 입고'!$F$4:$F$500)/SUMPRODUCT(('📥 원재료 입고'!$B$4:$B$500="참깨(인도산,나이지리아산,탄자니아산,미얀마산)")*'📥 원재료 입고'!$E$4:$E$500),0) -> 0 | D69: kg | G69: 7
A70: 67 | B70: 찹쌀(국내산) | C70: =IFERROR(SUMPRODUCT(('📥 원재료 입고'!$B$4:$B$500="찹쌀(국내산)")*'📥 원재료 입고'!$E$4:$E$500*'📥 원재료 입고'!$F$4:$F$500)/SUMPRODUCT(('📥 원재료 입고'!$B$4:$B$500="찹쌀(국내산)")*'📥 원재료 입고'!$E$4:$E$500),0) -> 0 | D70: kg | G70: 48
A71: 68 | B71: 천일염 | C71: =IFERROR(SUMPRODUCT(('📥 원재료 입고'!$B$4:$B$500="천일염")*'📥 원재료 입고'!$E$4:$E$500*'📥 원재료 입고'!$F$4:$F$500)/SUMPRODUCT(('📥 원재료 입고'!$B$4:$B$500="천일염")*'📥 원재료 입고'!$E$4:$E$500),0) -> 0 | D71: kg | G71: 70
A72: 69 | B72: 치즈 [크림치즈] | C72: =IFERROR(SUMPRODUCT(('📥 원재료 입고'!$B$4:$B$500="치즈 [크림치즈]")*'📥 원재료 입고'!$E$4:$E$500*'📥 원재료 입고'!$F$4:$F$500)/SUMPRODUCT(('📥 원재료 입고'!$B$4:$B$500="치즈 [크림치즈]")*'📥 원재료 입고'!$E$4:$E$500),0) -> 0 | D72: kg | G72: 6
A73: 70 | B73: 코코아가공품류(코코아분말) | C73: =IFERROR(SUMPRODUCT(('📥 원재료 입고'!$B$4:$B$500="코코아가공품류(코코아분말)")*'📥 원재료 입고'!$E$4:$E$500*'📥 원재료 입고'!$F$4:$F$500)/SUMPRODUCT(('📥 원재료 입고'!$B$4:$B$500="코코아가공품류(코코아분말)")*'📥 원재료 입고'!$E$4:$E$500),0) -> 0 | D73: kg | G73: 2
A74: 71 | B74: 콩기름(대두유) | C74: =IFERROR(SUMPRODUCT(('📥 원재료 입고'!$B$4:$B$500="콩기름(대두유)")*'📥 원재료 입고'!$E$4:$E$500*'📥 원재료 입고'!$F$4:$F$500)/SUMPRODUCT(('📥 원재료 입고'!$B$4:$B$500="콩기름(대두유)")*'📥 원재료 입고'!$E$4:$E$500),0) -> 0 | D74: kg | G74: 10
A75: 72 | B75: 해바라기씨앗 | C75: =IFERROR(SUMPRODUCT(('📥 원재료 입고'!$B$4:$B$500="해바라기씨앗")*'📥 원재료 입고'!$E$4:$E$500*'📥 원재료 입고'!$F$4:$F$500)/SUMPRODUCT(('📥 원재료 입고'!$B$4:$B$500="해바라기씨앗")*'📥 원재료 입고'!$E$4:$E$500),0) -> 0 | D75: kg | G75: 6
A76: 73 | B76: 현미(국내산) | C76: =IFERROR(SUMPRODUCT(('📥 원재료 입고'!$B$4:$B$500="현미(국내산)")*'📥 원재료 입고'!$E$4:$E$500*'📥 원재료 입고'!$F$4:$F$500)/SUMPRODUCT(('📥 원재료 입고'!$B$4:$B$500="현미(국내산)")*'📥 원재료 입고'!$E$4:$E$500),0) -> 0 | D76: kg | G76: 1
A77: 74 | B77: 현미멥쌀(국내산) | C77: =IFERROR(SUMPRODUCT(('📥 원재료 입고'!$B$4:$B$500="현미멥쌀(국내산)")*'📥 원재료 입고'!$E$4:$E$500*'📥 원재료 입고'!$F$4:$F$500)/SUMPRODUCT(('📥 원재료 입고'!$B$4:$B$500="현미멥쌀(국내산)")*'📥 원재료 입고'!$E$4:$E$500),0) -> 0 | D77: kg | G77: 1
A78: 75 | B78: 호두분태(미국산) | C78: =IFERROR(SUMPRODUCT(('📥 원재료 입고'!$B$4:$B$500="호두분태(미국산)")*'📥 원재료 입고'!$E$4:$E$500*'📥 원재료 입고'!$F$4:$F$500)/SUMPRODUCT(('📥 원재료 입고'!$B$4:$B$500="호두분태(미국산)")*'📥 원재료 입고'!$E$4:$E$500),0) -> 0 | D78: kg | G78: 11
A79: 76 | B79: 호박씨앗(외국산) | C79: =IFERROR(SUMPRODUCT(('📥 원재료 입고'!$B$4:$B$500="호박씨앗(외국산)")*'📥 원재료 입고'!$E$4:$E$500*'📥 원재료 입고'!$F$4:$F$500)/SUMPRODUCT(('📥 원재료 입고'!$B$4:$B$500="호박씨앗(외국산)")*'📥 원재료 입고'!$E$4:$E$500),0) -> 0 | D79: kg | G79: 6
A80: 77 | B80: 혼합제제(떡용에스텔) | C80: =IFERROR(SUMPRODUCT(('📥 원재료 입고'!$B$4:$B$500="혼합제제(떡용에스텔)")*'📥 원재료 입고'!$E$4:$E$500*'📥 원재료 입고'!$F$4:$F$500)/SUMPRODUCT(('📥 원재료 입고'!$B$4:$B$500="혼합제제(떡용에스텔)")*'📥 원재료 입고'!$E$4:$E$500),0) -> 0 | D80: kg | G80: 30
A81: 78 | B81: 혼합제제(스테비아) | C81: =IFERROR(SUMPRODUCT(('📥 원재료 입고'!$B$4:$B$500="혼합제제(스테비아)")*'📥 원재료 입고'!$E$4:$E$500*'📥 원재료 입고'!$F$4:$F$500)/SUMPRODUCT(('📥 원재료 입고'!$B$4:$B$500="혼합제제(스테비아)")*'📥 원재료 입고'!$E$4:$E$500),0) -> 0 | D81: kg | G81: 1
A82: 79 | B82: 화이트초콜릿 | C82: =IFERROR(SUMPRODUCT(('📥 원재료 입고'!$B$4:$B$500="화이트초콜릿")*'📥 원재료 입고'!$E$4:$E$500*'📥 원재료 입고'!$F$4:$F$500)/SUMPRODUCT(('📥 원재료 입고'!$B$4:$B$500="화이트초콜릿")*'📥 원재료 입고'!$E$4:$E$500),0) -> 0 | D82: kg | G82: 6
A83: 80 | B83: 흑미찹쌀(국내산) | C83: =IFERROR(SUMPRODUCT(('📥 원재료 입고'!$B$4:$B$500="흑미찹쌀(국내산)")*'📥 원재료 입고'!$E$4:$E$500*'📥 원재료 입고'!$F$4:$F$500)/SUMPRODUCT(('📥 원재료 입고'!$B$4:$B$500="흑미찹쌀(국내산)")*'📥 원재료 입고'!$E$4:$E$500),0) -> 0 | D83: kg | G83: 2
A84: 81 | B84: 찰옥수수전분(미국산) | C84: =IFERROR(SUMPRODUCT(('📥 원재료 입고'!$B$4:$B$500="찰옥수수전분(미국산)")*'📥 원재료 입고'!$E$4:$E$500*'📥 원재료 입고'!$F$4:$F$500)/SUMPRODUCT(('📥 원재료 입고'!$B$4:$B$500="찰옥수수전분(미국산)")*'📥 원재료 입고'!$E$4:$E$500),0) -> 0 | D84: kg | G84: 16
A85: 83 | B85: 삶은팥 | C85: =IFERROR(SUMPRODUCT(('📥 원재료 입고'!$B$4:$B$500="삶은팥")*'📥 원재료 입고'!$E$4:$E$500*'📥 원재료 입고'!$F$4:$F$500)/SUMPRODUCT(('📥 원재료 입고'!$B$4:$B$500="삶은팥")*'📥 원재료 입고'!$E$4:$E$500),0) -> 0 | D85: kg
A86: 84 | B86: 차조 | C86: =IFERROR(SUMPRODUCT(('📥 원재료 입고'!$B$4:$B$500="차조")*'📥 원재료 입고'!$E$4:$E$500*'📥 원재료 입고'!$F$4:$F$500)/SUMPRODUCT(('📥 원재료 입고'!$B$4:$B$500="차조")*'📥 원재료 입고'!$E$4:$E$500),0) -> 0 | D86: kg
A87: 85 | B87: 초코시럽 | C87: =IFERROR(SUMPRODUCT(('📥 원재료 입고'!$B$4:$B$500="초코시럽")*'📥 원재료 입고'!$E$4:$E$500*'📥 원재료 입고'!$F$4:$F$500)/SUMPRODUCT(('📥 원재료 입고'!$B$4:$B$500="초코시럽")*'📥 원재료 입고'!$E$4:$E$500),0) -> 0 | D87: kg
A88: 86 | B88: 흑멥쌀 | C88: =IFERROR(SUMPRODUCT(('📥 원재료 입고'!$B$4:$B$500="흑멥쌀")*'📥 원재료 입고'!$E$4:$E$500*'📥 원재료 입고'!$F$4:$F$500)/SUMPRODUCT(('📥 원재료 입고'!$B$4:$B$500="흑멥쌀")*'📥 원재료 입고'!$E$4:$E$500),0) -> 0 | D88: kg
A89: 총 원료 종류: 86개 | 총 제품 수: 83개

Sheet 🔖 배합비 참조
A1: 원재료명 | B1: 3종호두찹쌀떡 | C1: 곤드레약식 | D1: 꿀설기 | E1: 다이스인절미 | F1: 단호박설기 | G1: 단호박약식 | H1: 대추고약식 | I1: 딸기설기 | J1: 롤크림떡(고구마) | K1: 롤크림떡(딸기) | L1: 롤크림떡(말차) | M1: 롤크림떡(초코) | N1: 롤크림떡(치즈) | O1: 롤크림떡(흑임자) | P1: 마카다미아 왕찹쌀떡 | Q1: 마카다미아단호박왕찹쌀떡 | R1: 마카다미아복분자왕찹쌀떡 | S1: 마카다미아쑥왕찹쌀떡 | T1: 모듬설기 | U1: 모듬찰떡 | V1: 모시개떡 | W1: 모시인절미 | X1: 못난이인절미 | Y1: 무지개설기 | Z1: 밥알쑥인절미 | AA1: 손모시송편 | AB1: 송편(백) | AC1: 쇠머리떡 | AD1: 습식 멥쌀가루 | AE1: 습식 멥쌀가루(무염) | AF1: 습식 멥쌀가루(쑥) | AG1: 습식 멥쌀가루(호박) | AH1: 쑥 꿀설기 | AI1: 쑥개떡 | AJ1: 쑥버무리 | AK1: 쑥송편 | AL1: 쑥영양찰떡 | AM1: 쑥인절미 | AN1: 쑥판인절미 | AO1: 영양찰떡 | AP1: 오색송편 | AQ1: 완두배기팥시루찰떡 | AR1: 왕찹쌀떡 | AS1: 우유설기 | AT1: 인절미 | AU1: 자색고구마설기 | AV1: 자색고구마송편 | AW1: 제로슈가 우유설기 | AX1: 제로슈가 현미설기 | AY1: 제로슈거 영양찰떡 | AZ1: 찹쌀떡 | BA1: 초코설기 | BB1: 치즈설기 | BC1: 카스테라 호박인절미 | BD1: 카스테라설기 | BE1: 카스테라쑥인절미 | BF1: 카스테라왕찹쌀떡(백) | BG1: 카스테라왕찹쌀떡(쑥) | BH1: 카스테라왕찹쌀떡(호박) | BI1: 카스테라인절미 | BJ1: 카스테라호박앙금인절미 | BK1: 콩가루 쑥앙금인절미 | BL1: 콩가루 앙금인절미 | BM1: 콩고물쑥떡 | BN1: 콩고물쑥떡(동부) | BO1: 판인절미 | BP1: 한입빙수 인절미 | BQ1: 현미설기 | BR1: 호두찹쌀떡 | BS1: 호두찹쌀떡(쑥) | BT1: 호두찹쌀떡(호박) | BU1: 호박 꿀설기 | BV1: 호박 팥시루찰떡(냉동) | BW1: 호박고지 찰시루 | BX1: 호박설기 | BY1: 호박송편 | BZ1: 호박인절미 | CA1: 흑미송편 | CB1: 흑임자설기 | CC1: 흑임자약식 | CD1: 카스테라앙금인절미 | CE1: 카스테라쑥앙금인절미
A2: 간장 | B2: 0 | C2: 0 | D2: 0 | E2: 0 | F2: 0 | G2: 0 | H2: 1.6 | I2: 0 | J2: 0 | K2: 0 | L2: 0 | M2: 0 | N2: 0 | O2: 0 | P2: 0 | Q2: 0 | R2: 0 | S2: 0 | T2: 0 | U2: 0 | V2: 0 | W2: 0 | X2: 0 | Y2: 0 | Z2: 0 | AA2: 0 | AB2: 0 | AC2: 0 | AD2: 0 | AE2: 0 | AF2: 0 | AG2: 0 | AH2: 0 | AI2: 0 | AJ2: 0 | AK2: 0 | AL2: 0 | AM2: 0 | AN2: 0 | AO2: 0 | AP2: 0 | AQ2: 0 | AR2: 0 | AS2: 0 | AT2: 0 | AU2: 0 | AV2: 0 | AW2: 0 | AX2: 0 | AY2: 0 | BA2: 0 | BB2: 0 | BC2: 0 | BD2: 0 | BE2: 0 | BF2: 0 | BG2: 0 | BH2: 0 | BI2: 0 | BJ2: 0 | BK2: 0 | BL2: 0 | BM2: 0 | BN2: 0 | BO2: 0 | BP2: 0 | BQ2: 0 | BR2: 0 | BS2: 0 | BT2: 0 | BU2: 0 | BV2: 0 | BW2: 0 | BX2: 0 | BY2: 0 | BZ2: 0 | CA2: 0 | CB2: 0 | CC2: 0
A3: 강낭콩((울타리콩)) | B3: 0 | C3: 3.5 | D3: 0 | E3: 0 | F3: 0 | G3: 0 | H3: 0 | I3: 0 | J3: 0 | K3: 0 | L3: 0 | M3: 0 | N3: 0 | O3: 0 | P3: 0 | Q3: 0 | R3: 0 | S3: 0 | T3: 2.5 | U3: 8 | V3: 0 | W3: 0 | X3: 0 | Y3: 0 | Z3: 0 | AA3: 0 | AB3: 0 | AC3: 0 | AD3: 0 | AE3: 0 | AF3: 0 | AG3: 0 | AH3: 0 | AI3: 0 | AJ3: 3 | AK3: 0 | AL3: 0 | AM3: 0 | AN3: 0 | AO3: 0 | AP3: 0 | AQ3: 0 | AR3: 0 | AS3: 0 | AT3: 0 | AU3: 0 | AV3: 0 | AW3: 0 | AX3: 0 | AY3: 0 | BA3: 0 | BB3: 0 | BC3: 0 | BD3: 0 | BE3: 0 | BF3: 0 | BG3: 0 | BH3: 0 | BI3: 0 | BJ3: 0 | BK3: 0 | BL3: 0 | BM3: 0 | BN3: 0 | BO3: 0 | BP3: 0 | BQ3: 0 | BR3: 0 | BS3: 0 | BT3: 0 | BU3: 0 | BV3: 0 | BW3: 0 | BX3: 0 | BY3: 0 | BZ3: 0 | CA3: 0 | CB3: 0 | CC3: 1.8
A4: 건조딸기다이스(외국산) | B4: 0 | C4: 0 | D4: 0 | E4: 0 | F4: 0 | G4: 0 | H4: 0 | I4: 0.9 | J4: 0 | K4: 0 | L4: 0 | M4: 0 | N4: 0 | O4: 0 | P4: 0 | Q4: 0 | R4: 0 | S4: 0 | T4: 0 | U4: 0 | V4: 0 | W4: 0 | X4: 0 | Y4: 0 | Z4: 0 | AA4: 0 | AB4: 0 | AC4: 0 | AD4: 0 | AE4: 0 | AF4: 0 | AG4: 0 | AH4: 0 | AI4: 0 | AJ4: 0 | AK4: 0 | AL4: 0 | AM4: 0 | AN4: 0 | AO4: 0 | AP4: 0 | AQ4: 0 | AR4: 0 | AS4: 0 | AT4: 0 | AU4: 0 | AV4: 0 | AW4: 0 | AX4: 0 | AY4: 0 | BA4: 0 | BB4: 0 | BC4: 0 | BD4: 0 | BE4: 0 | BF4: 0 | BG4: 0 | BH4: 0 | BI4: 0 | BJ4: 0 | BK4: 0 | BL4: 0 | BM4: 0 | BN4: 0 | BO4: 0 | BP4: 0 | BQ4: 0 | BR4: 0 | BS4: 0 | BT4: 0 | BU4: 0 | BV4: 0 | BW4: 0 | BX4: 0 | BY4: 0 | BZ4: 0 | CA4: 0 | CB4: 0 | CC4: 0
A5: 건포도 | B5: 0 | C5: 0 | D5: 0 | E5: 0 | F5: 0 | G5: 1.2 | H5: 1.7 | I5: 0 | J5: 0 | K5: 0 | L5: 0 | M5: 0 | N5: 0 | O5: 0 | P5: 0 | Q5: 0 | R5: 0 | S5: 0 | T5: 0 | U5: 0 | V5: 0 | W5: 0 | X5: 0 | Y5: 0 | Z5: 0 | AA5: 0 | AB5: 0 | AC5: 0 | AD5: 0 | AE5: 0 | AF5: 0 | AG5: 0 | AH5: 0 | AI5: 0 | AJ5: 0 | AK5: 0 | AL5: 0 | AM5: 0 | AN5: 0 | AO5: 0 | AP5: 0 | AQ5: 0 | AR5: 0 | AS5: 0 | AT5: 0 | AU5: 0 | AV5: 0 | AW5: 0 | AX5: 0 | AY5: 0 | BA5: 0 | BB5: 0 | BC5: 0 | BD5: 0 | BE5: 0 | BF5: 0 | BG5: 0 | BH5: 0 | BI5: 0 | BJ5: 0 | BK5: 0 | BL5: 0 | BM5: 0 | BN5: 0 | BO5: 0 | BP5: 0 | BQ5: 0 | BR5: 0 | BS5: 0 | BT5: 0 | BU5: 0 | BV5: 0 | BW5: 0 | BX5: 0 | BY5: 0 | BZ5: 0 | CA5: 0 | CB5: 0 | CC5: 0
A6: 건호박채(중국산) | B6: 0.4 | C6: 0 | D6: 0 | E6: 0 | F6: 2 | G6: 2.3 | H6: 0 | I6: 0 | J6: 0 | K6: 0 | L6: 0 | M6: 0 | N6: 0 | O6: 0 | P6: 0 | Q6: 0 | R6: 0 | S6: 0 | T6: 1.6 | U6: 5 | V6: 0 | W6: 0 | X6: 0.4 | Y6: 0 | Z6: 0 | AA6: 0 | AB6: 0 | AC6: 0 | AD6: 0 | AE6: 0 | AF6: 0 | AG6: 0 | AH6: 0 | AI6: 0 | AJ6: 0 | AK6: 0 | AL6: 0 | AM6: 0 | AN6: 0 | AO6: 0 | AP6: 0 | AQ6: 0 | AR6: 0 | AS6: 0 | AT6: 0 | AU6: 1.2 | AV6: 0 | AW6: 0 | AX6: 0 | AY6: 0 | BA6: 0 | BB6: 0 | BC6: 2.7 | BD6: 0 | BE6: 0 | BF6: 0 | BG6: 0 | BH6: 0 | BI6: 0 | BJ6: 0 | BK6: 0 | BL6: 0 | BM6: 0 | BN6: 0 | BO6: 0 | BP6: 0 | BQ6: 0 | BR6: 0 | BS6: 0 | BT6: 0 | BU6: 0 | BV6: 3.3 | BW6: 3.3 | BX6: 0 | BY6: 0 | BZ6: 2.6 | CA6: 0 | CB6: 0 | CC6: 0
A7: 검정깨(흑임자) | B7: 0 | C7: 0.4 | D7: 0 | E7: 0 | F7: 0 | G7: 0.3 | H7: 0.3 | I7: 0 | J7: 0 | K7: 0 | L7: 0 | M7: 0 | N7: 0 | O7: 0 | P7: 0 | Q7: 0 | R7: 0 | S7: 0 | T7: 0 | U7: 0 | V7: 0 | W7: 0 | X7: 0 | Y7: 0 | Z7: 0 | AA7: 0 | AB7: 0 | AC7: 0 | AD7: 0 | AE7: 0 | AF7: 0 | AG7: 0 | AH7: 0 | AI7: 0 | AJ7: 0 | AK7: 0 | AL7: 0 | AM7: 0 | AN7: 0 | AO7: 0 | AP7: 0 | AQ7: 0 | AR7: 0 | AS7: 0 | AT7: 0 | AU7: 0 | AV7: 0 | AW7: 0 | AX7: 0 | AY7: 0 | BA7: 0 | BB7: 0 | BC7: 0 | BD7: 0 | BE7: 0 | BF7: 0 | BG7: 0 | BH7: 0 | BI7: 0 | BJ7: 0 | BK7: 0 | BL7: 0 | BM7: 0 | BN7: 0 | BO7: 0 | BP7: 0 | BQ7: 0 | BR7: 0 | BS7: 0 | BT7: 0 | BU7: 0 | BV7: 0 | BW7: 0 | BX7: 0 | BY7: 0 | BZ7: 0 | CA7: 0 | CB7: 2.4 | CC7: 0.4
A8: 검정콩 | B8: 0 | C8: 3.5 | D8: 0 | E8: 0 | F8: 0 | G8: 0 | H8: 0 | I8: 0 | J8: 0 | K8: 0 | L8: 0 | M8: 0 | N8: 0 | O8: 0 | P8: 0 | Q8: 0 | R8: 0 | S8: 0 | T8: 2.5 | U8: 6 | V8: 0 | W8: 0 | X8: 0 | Y8: 0 | Z8: 0 | AA8: 0 | AB8: 0 | AC8: 13.4 | AD8: 0 | AE8: 0 | AF8: 0 | AG8: 0 | AH8: 0 | AI8: 0 | AJ8: 0 | AK8: 0 | AL8: 0 | AM8: 0 | AN8: 0 | AO8: 13.4 | AP8: 0 | AQ8: 0 | AR8: 0 | AS8: 0 | AT8: 0 | AU8: 0 | AV8: 0 | AW8: 0 | AX8: 0 | AY8: 0 | BA8: 0 | BB8: 0 | BC8: 0 | BD8: 0 | BE8: 0 | BF8: 0 | BG8: 0 | BH8: 0 | BI8: 0 | BJ8: 0 | BK8: 0 | BL8: 0 | BM8: 0 | BN8: 0 | BO8: 0 | BP8: 0 | BQ8: 0 | BR8: 0 | BS8: 0 | BT8: 0 | BU8: 0 | BV8: 0 | BW8: 0 | BX8: 0 | BY8: 0 | BZ8: 0 | CA8: 0 | CB8: 0 | CC8: 1.8
A9: 계피가루 | B9: 0 | C9: 0 | D9: 0 | E9: 0 | F9: 0 | G9: 0 | H9: 0 | I9: 0 | J9: 0 | K9: 0 | L9: 0 | M9: 0 | N9: 0 | O9: 0 | P9: 0 | Q9: 0 | R9: 0 | S9: 0 | T9: 0 | U9: 0 | V9: 0 | W9: 0 | X9: 0 | Y9: 0.4 | Z9: 0 | AA9: 0 | AB9: 0 | AC9: 0 | AD9: 0 | AE9: 0 | AF9: 0 | AG9: 0 | AH9: 0 | AI9: 0 | AJ9: 0 | AK9: 0 | AL9: 0 | AM9: 0 | AN9: 0 | AO9: 0 | AP9: 0 | AQ9: 0 | AR9: 0 | AS9: 0 | AT9: 0 | AU9: 0 | AV9: 0 | AW9: 0 | AX9: 0 | AY9: 0 | BA9: 0 | BB9: 0 | BC9: 0 | BD9: 0 | BE9: 0 | BF9: 0 | BG9: 0 | BH9: 0 | BI9: 0 | BJ9: 0 | BK9: 0 | BL9: 0 | BM9: 0 | BN9: 0 | BO9: 0 | BP9: 0 | BQ9: 0 | BR9: 0 | BS9: 0 | BT9: 0 | BU9: 0 | BV9: 0 | BW9: 0 | BX9: 0 | BY9: 0 | BZ9: 0 | CA9: 0 | CB9: 0 | CC9: 0
A10: 고구마가루 | B10: 0 | C10: 0 | D10: 0 | E10: 0 | F10: 0 | G10: 0 | H10: 0 | I10: 0 | J10: 2.5 | K10: 0 | L10: 0 | M10: 0 | N10: 0 | O10: 0 | P10: 0 | Q10: 0 | R10: 0 | S10: 0 | T10: 0 | U10: 0 | V10: 0 | W10: 0 | X10: 0 | Y10: 0 | Z10: 0 | AA10: 0 | AB10: 0 | AC10: 0 | AD10: 0 | AE10: 0 | AF10: 0 | AG10: 0 | AH10: 0 | AI10: 0 | AJ10: 0 | AK10: 0 | AL10: 0 | AM10: 0 | AN10: 0 | AO10: 0 | AP10: 0 | AQ10: 0 | AR10: 0 | AS10: 0 | AT10: 0 | AU10: 0 | AV10: 0 | AW10: 0 | AX10: 0 | AY10: 0 | AZ10: 0 | BA10: 0 | BB10: 0 | BC10: 0 | BD10: 0 | BE10: 0 | BF10: 0 | BG10: 0 | BH10: 0 | BI10: 0 | BJ10: 0 | BK10: 0 | BL10: 0 | BM10: 0 | BN10: 0 | BO10: 0 | BP10: 0 | BQ10: 0 | BR10: 0 | BS10: 0 | BT10: 0 | BU10: 0 | BV10: 0 | BW10: 0 | BX10: 0 | BY10: 0 | BZ10: 0 | CA10: 0 | CB10: 0 | CC10: 0
A11: 고구마무스 | B11: 0 | C11: 0 | D11: 0 | E11: 0 | F11: 0 | G11: 0 | H11: 0 | I11: 0 | J11: 4.64 | K11: 0 | L11: 0 | M11: 0 | N11: 0 | O11: 0 | P11: 0 | Q11: 0 | R11: 0 | S11: 0 | T11: 0 | U11: 0 | V11: 0 | W11: 0 | X11: 0 | Y11: 0 | Z11: 0 | AA11: 0 | AB11: 0 | AC11: 0 | AD11: 0 | AE11: 0 | AF11: 0 | AG11: 0 | AH11: 0 | AI11: 0 | AJ11: 0 | AK11: 0 | AL11: 0 | AM11: 0 | AN11: 0 | AO11: 0 | AP11: 0 | AQ11: 0 | AR11: 0 | AS11: 0 | AT11: 0 | AU11: 0 | AV11: 0 | AW11: 0 | AX11: 0 | AY11: 0 | BA11: 0 | BB11: 0 | BC11: 0 | BD11: 0 | BE11: 0 | BF11: 0 | BG11: 0 | BH11: 0 | BI11: 0 | BJ11: 0 | BK11: 0 | BL11: 0 | BM11: 0 | BN11: 0 | BO11: 0 | BP11: 0 | BQ11: 0 | BR11: 0 | BS11: 0 | BT11: 0 | BU11: 0 | BV11: 0 | BW11: 0 | BX11: 0 | BY11: 0 | BZ11: 0 | CA11: 0 | CB11: 0 | CC11: 0
A12: 고려엉겅퀴((곤드레)국내산) | B12: 0 | C12: 4.7 | D12: 0 | E12: 0 | F12: 0 | G12: 0 | H12: 0 | I12: 0 | J12: 0 | K12: 0 | L12: 0 | M12: 0 | N12: 0 | O12: 0 | P12: 0 | Q12: 0 | R12: 0 | S12: 0 | T12: 0 | U12: 0 | V12: 0 | W12: 0 | X12: 0 | Y12: 0 | Z12: 0 | AA12: 0 | AB12: 0 | AC12: 0 | AD12: 0 | AE12: 0 | AF12: 0 | AG12: 0 | AH12: 0 | AI12: 0 | AJ12: 0 | AK12: 0 | AL12: 0 | AM12: 0 | AN12: 0 | AO12: 0 | AP12: 0 | AQ12: 0 | AR12: 0 | AS12: 0 | AT12: 0 | AU12: 0 | AV12: 0 | AW12: 0 | AX12: 0 | AY12: 0 | BA12: 0 | BB12: 0 | BC12: 0 | BD12: 0 | BE12: 0 | BF12: 0 | BG12: 0 | BH12: 0 | BI12: 0 | BJ12: 0 | BK12: 0 | BL12: 0 | BM12: 0 | BN12: 0 | BO12: 0 | BP12: 0 | BQ12: 0 | BR12: 0 | BS12: 0 | BT12: 0 | BU12: 0 | BV12: 0 | BW12: 0 | BX12: 0 | BY12: 0 | BZ12: 0 | CA12: 0 | CB12: 0 | CC12: 0
A13: 기타가공품(복분자가루) | B13: 0 | C13: 0 | D13: 0 | E13: 0 | F13: 0 | G13: 0 | H13: 0 | I13: 0 | J13: 0 | K13: 0 | L13: 0 | M13: 0 | N13: 0 | O13: 0 | P13: 0 | Q13: 0 | R13: 1.1 | S13: 0 | T13: 0 | U13: 0 | V13: 0 | W13: 0 | X13: 0 | Y13: 0 | Z13: 0 | AA13: 0 | AB13: 0 | AC13: 0 | AD13: 0 | AE13: 0 | AF13: 0 | AG13: 0 | AH13: 0 | AI13: 0 | AJ13: 0 | AK13: 0 | AL13: 0 | AM13: 0 | AN13: 0 | AO13: 0 | AP13: 0 | AQ13: 0 | AR13: 0 | AS13: 0 | AT13: 0 | AU13: 0 | AV13: 0 | AW13: 0 | AX13: 0 | AY13: 0 | BA13: 0 | BB13: 0 | BC13: 0 | BD13: 0 | BE13: 0 | BF13: 0 | BG13: 0 | BH13: 0 | BI13: 0 | BJ13: 0 | BK13: 0 | BL13: 0 | BM13: 0 | BN13: 0 | BO13: 0 | BP13: 0 | BQ13: 0 | BR13: 0 | BS13: 0 | BT13: 0 | BU13: 0 | BV13: 0 | BW13: 0 | BX13: 0 | BY13: 0 | BZ13: 0 | CA13: 0 | CB13: 0 | CC13: 0
A14: 기타가공품(슈퍼소프트엠) | B14: 0 | C14: 0 | D14: 0 | E14: 0 | F14: 0 | G14: 0 | H14: 0 | I14: 0 | J14: 0 | K14: 0 | L14: 0 | M14: 0 | N14: 0 | O14: 0 | P14: 0 | Q14: 0 | R14: 0 | S14: 0 | T14: 0 | U14: 0 | V14: 0 | W14: 0 | X14: 0 | Y14: 0 | Z14: 0.7 | AA14: 0 | AB14: 0 | AC14: 0 | AD14: 0 | AE14: 0 | AF14: 0 | AG14: 0 | AH14: 0 | AI14: 0 | AJ14: 0 | AK14: 0 | AL14: 0 | AM14: 0 | AN14: 0 | AO14: 0 | AP14: 0 | AQ14: 0 | AR14: 0 | AS14: 0 | AT14: 0 | AU14: 0 | AV14: 0 | AW14: 0 | AX14: 0 | AY14: 0 | BA14: 0 | BB14: 0 | BC14: 0 | BD14: 0 | BE14: 0 | BF14: 0 | BG14: 0 | BH14: 0 | BI14: 0 | BJ14: 0 | BK14: 0 | BL14: 0 | BM14: 0 | BN14: 0 | BO14: 0 | BP14: 0 | BQ14: 0 | BR14: 0 | BS14: 0 | BT14: 0 | BU14: 0 | BV14: 0 | BW14: 0 | BX14: 0 | BY14: 0 | BZ14: 0 | CA14: 0 | CB14: 0 | CC14: 0
A15: 기타가공품(파인소프트 E-티) | B15: 0 | C15: 0 | D15: 0 | E15: 0 | F15: 0 | G15: 0 | H15: 0 | I15: 0 | J15: 0 | K15: 0 | L15: 0 | M15: 0 | N15: 0 | O15: 0 | P15: 0 | Q15: 0 | R15: 0 | S15: 0 | T15: 0 | U15: 0 | V15: 0 | W15: 0 | X15: 0 | Y15: 0 | Z15: 0.7 | AA15: 0 | AB15: 0 | AC15: 0 | AD15: 0 | AE15: 0 | AF15: 0 | AG15: 0 | AH15: 0 | AI15: 0 | AJ15: 0 | AK15: 0 | AL15: 0 | AM15: 0 | AN15: 0 | AO15: 0 | AP15: 0 | AQ15: 0 | AR15: 0 | AS15: 0 | AT15: 0 | AU15: 0 | AV15: 0 | AW15: 0 | AX15: 0 | AY15: 0 | BA15: 0 | BB15: 0 | BC15: 0 | BD15: 0 | BE15: 0 | BF15: 0 | BG15: 0 | BH15: 0 | BI15: 0 | BJ15: 0 | BK15: 0 | BL15: 0 | BM15: 0 | BN15: 0 | BO15: 0 | BP15: 0 | BQ15: 1.1 | BR15: 0 | BS15: 0 | BT15: 0 | BU15: 0 | BV15: 0 | BW15: 0 | BX15: 0 | BY15: 0 | BZ15: 0 | CA15: 0 | CB15: 0 | CC15: 0
A16: 기타가공품(프리미엄카스테라가루) | B16: 0 | C16: 0 | D16: 0 | E16: 0 | F16: 0 | G16: 0 | H16: 0 | I16: 0 | J16: 2.96 | K16: 2.96 | L16: 2.96 | M16: 2.96 | N16: 2.96 | O16: 2.96 | P16: 0 | Q16: 0 | R16: 0 | S16: 0 | T16: 0 | U16: 0 | V16: 0 | W16: 0 | X16: 0 | Y16: 0 | Z16: 0 | AA16: 0 | AB16: 0 | AC16: 0 | AD16: 0 | AE16: 0 | AF16: 0 | AG16: 0 | AH16: 0 | AI16: 0 | AJ16: 0 | AK16: 0 | AL16: 0 | AM16: 0 | AN16: 0 | AO16: 0 | AP16: 0 | AQ16: 0 | AR16: 0 | AS16: 0 | AT16: 0 | AU16: 0 | AV16: 0 | AW16: 0 | AX16: 0 | AY16: 0 | BA16: 0 | BB16: 0 | BC16: 5.8 | BD16: 15.1 | BE16: 3 | BF16: 3 | BG16: 2.9 | BH16: 2.9 | BI16: 3 | BJ16: 11 | BK16: 0 | BL16: 0 | BM16: 0 | BN16: 0 | BO16: 0 | BP16: 0 | BQ16: 0 | BR16: 0 | BS16: 0 | BT16: 0 | BU16: 0 | BV16: 0 | BW16: 0 | BX16: 0 | BY16: 0 | BZ16: 0 | CA16: 0 | CB16: 0 | CC16: 0 | CD16: 7 | CE16: 7
A17: 기타가공품(흑임자가루) | B17: 0 | C17: 0 | D17: 0 | E17: 0 | F17: 0 | G17: 0 | H17: 0 | I17: 0 | J17: 0 | K17: 0 | L17: 0 | M17: 0 | N17: 0 | O17: 7.14 | P17: 0 | Q17: 0 | R17: 0 | S17: 0 | T17: 0 | U17: 0 | V17: 0 | W17: 0 | X17: 0 | Y17: 1.6 | Z17: 0 | AA17: 0 | AB17: 0 | AC17: 0 | AD17: 0 | AE17: 0 | AF17: 0 | AG17: 0 | AH17: 0 | AI17: 0 | AJ17: 0 | AK17: 0 | AL17: 0 | AM17: 0 | AN17: 0 | AO17: 0 | AP17: 0 | AQ17: 0 | AR17: 0 | AS17: 0 | AT17: 0 | AU17: 0 | AV17: 0 | AW17: 0 | AX17: 0 | AY17: 0 | BA17: 0 | BB17: 0 | BC17: 0 | BD17: 0 | BE17: 0 | BF17: 0 | BG17: 0 | BH17: 0 | BI17: 0 | BJ17: 0 | BK17: 0 | BL17: 0 | BM17: 0 | BN17: 0 | BO17: 0 | BP17: 0 | BQ17: 0 | BR17: 0 | BS17: 0 | BT17: 0 | BU17: 0 | BV17: 0 | BW17: 0 | BX17: 0 | BY17: 0 | BZ17: 0 | CA17: 0 | CB17: 2.4 | CC17: 3
A18: 기타설탕(흑설탕) | B18: 0 | C18: 0 | D18: 8.4 | E18: 0 | F18: 0 | G18: 0 | H18: 0 | I18: 0 | J18: 0 | K18: 0 | L18: 0 | M18: 0 | N18: 0 | O18: 0 | P18: 0 | Q18: 0 | R18: 0 | S18: 0 | T18: 0 | U18: 0 | V18: 0 | W18: 0 | X18: 0 | Y18: 0 | Z18: 0 | AA18: 0 | AB18: 0 | AC18: 10 | AD18: 0 | AE18: 0 | AF18: 0 | AG18: 0 | AH18: 0 | AI18: 0 | AJ18: 0 | AK18: 0 | AL18: 0 | AM18: 0 | AN18: 0 | AO18: 10 | AP18: 0 | AQ18: 0 | AR18: 0 | AS18: 0 | AT18: 0 | AU18: 0 | AV18: 0 | AW18: 0 | AX18: 0 | AY18: 0 | BA18: 0 | BB18: 0 | BC18: 0 | BD18: 0 | BE18: 0 | BF18: 0 | BG18: 0 | BH18: 0 | BI18: 0 | BJ18: 0 | BK18: 0 | BL18: 0 | BM18: 0 | BN18: 0 | BO18: 0 | BP18: 0 | BQ18: 0 | BR18: 0 | BS18: 0 | BT18: 0 | BU18: 7.6 | BV18: 2 | BW18: 0 | BX18: 0 | BY18: 0 | BZ18: 0 | CA18: 0 | CB18: 0 | CC18: 0
A19: 냉동쑥(국내산) | B19: 0.9 | C19: 0 | D19: 0 | E19: 0 | F19: 0 | G19: 0 | H19: 0 | I19: 0 | J19: 0 | K19: 0 | L19: 0 | M19: 0 | N19: 0 | O19: 0 | P19: 0 | Q19: 0 | R19: 0 | S19: 0 | T19: 0 | U19: 0 | V19: 0 | W19: 0 | X19: 1.3 | Y19: 0 | Z19: 8.8 | AA19: 0 | AB19: 0 | AC19: 0 | AD19: 0 | AE19: 0 | AF19: 2 | AG19: 0 | AH19: 4 | AI19: 12.1 | AJ19: 67 | AK19: 1.9 | AL19: 7.6 | AM19: 13.6 | AN19: 8.8 | AO19: 0 | AP19: 1.99 | AQ19: 0 | AR19: 0 | AS19: 0 | AT19: 0 | AU19: 0 | AV19: 0 | AW19: 0 | AX19: 0 | AY19: 0 | BA19: 0 | BB19: 0 | BC19: 0 | BD19: 0 | BE19: 9 | BF19: 0 | BG19: 2.9 | BH19: 0 | BI19: 0 | BJ19: 0 | BK19: 2.3 | BL19: 0 | BM19: 3.3 | BN19: 2 | BO19: 0 | BP19: 0 | BQ19: 0 | BR19: 0 | BS19: 2.9 | BT19: 0 | BU19: 0 | BV19: 0 | BW19: 0 | BX19: 0 | BY19: 0 | BZ19: 0 | CA19: 0 | CB19: 0 | CC19: 0 | CE19: 5.6
A20: 냉동증숙고구마(중국산) | B20: 0 | C20: 0 | D20: 0 | E20: 0 | F20: 0 | G20: 0 | H20: 0 | I20: 0 | J20: 0 | K20: 0 | L20: 0 | M20: 0 | N20: 0 | O20: 0 | P20: 0 | Q20: 0 | R20: 0 | S20: 0 | T20: 0 | U20: 0 | V20: 0 | W20: 0 | X20: 0 | Y20: 0 | Z20: 0 | AA20: 0 | AB20: 0 | AC20: 0 | AD20: 0 | AE20: 0 | AF20: 0 | AG20: 0 | AH20: 0 | AI20: 0 | AJ20: 0 | AK20: 0 | AL20: 0 | AM20: 0 | AN20: 0 | AO20: 0 | AP20: 0 | AQ20: 0 | AR20: 0 | AS20: 0 | AT20: 0 | AU20: 6 | AV20: 0 | AW20: 0 | AX20: 0 | AY20: 0 | BA20: 0 | BB20: 0 | BC20: 0 | BD20: 0 | BE20: 0 | BF20: 0 | BG20: 0 | BH20: 0 | BI20: 0 | BJ20: 0 | BK20: 0 | BL20: 0 | BM20: 0 | BN20: 0 | BO20: 0 | BP20: 0 | BQ20: 0 | BR20: 0 | BS20: 0 | BT20: 0 | BU20: 0 | BV20: 0 | BW20: 0 | BX20: 0 | BY20: 0 | BZ20: 0 | CA20: 0 | CB20: 0 | CC20: 0
A21: 녹차가루 | B21: 0 | C21: 0 | D21: 0 | E21: 0 | F21: 0 | G21: 0 | H21: 0 | I21: 0 | J21: 0 | K21: 0 | L21: 7.14 | M21: 0 | N21: 0 | O21: 0 | P21: 0 | Q21: 0 | R21: 0 | S21: 0 | T21: 0 | U21: 0 | V21: 0 | W21: 0 | X21: 0 | Y21: 0 | Z21: 0 | AA21: 0 | AB21: 0 | AC21: 0 | AD21: 0 | AE21: 0 | AF21: 0 | AG21: 0 | AH21: 0 | AI21: 0 | AJ21: 0 | AK21: 0 | AL21: 0 | AM21: 0 | AN21: 0 | AO21: 0 | AP21: 0 | AQ21: 0 | AR21: 0 | AS21: 0 | AT21: 0 | AU21: 0 | AV21: 0 | AW21: 0 | AX21: 0 | AY21: 0 | BA21: 0 | BB21: 0 | BC21: 0 | BD21: 0 | BE21: 0 | BF21: 0 | BG21: 0 | BH21: 0 | BI21: 0 | BJ21: 0 | BK21: 0 | BL21: 0 | BM21: 0 | BN21: 0 | BO21: 0 | BP21: 0 | BQ21: 0 | BR21: 0 | BS21: 0 | BT21: 0 | BU21: 0 | BV21: 0 | BW21: 0 | BX21: 0 | BY21: 0 | BZ21: 0 | CA21: 0 | CB21: 0 | CC21: 0
A22: 다크초콜릿 컴파운드칩 | B22: 0 | C22: 0 | D22: 0 | E22: 0 | F22: 0 | G22: 0 | H22: 0 | I22: 0 | J22: 0 | K22: 0 | L22: 0 | M22: 3.57 | N22: 0 | O22: 0 | P22: 0 | Q22: 0 | R22: 0 | S22: 0 | T22: 0 | U22: 0 | V22: 0 | W22: 0 | X22: 0 | Y22: 0 | Z22: 0 | AA22: 0 | AB22: 0 | AC22: 0 | AD22: 0 | AE22: 0 | AF22: 0 | AG22: 0 | AH22: 0 | AI22: 0 | AJ22: 0 | AK22: 0 | AL22: 0 | AM22: 0 | AN22: 0 | AO22: 0 | AP22: 0 | AQ22: 0 | AR22: 0 | AS22: 0 | AT22: 0 | AU22: 0 | AV22: 0 | AW22: 0 | AX22: 0 | AY22: 0 | BA22: 0 | BB22: 0 | BC22: 0 | BD22: 0 | BE22: 0 | BF22: 0 | BG22: 0 | BH22: 0 | BI22: 0 | BJ22: 0 | BK22: 0 | BL22: 0 | BM22: 0 | BN22: 0 | BO22: 0 | BP22: 0 | BQ22: 0 | BR22: 0 | BS22: 0 | BT22: 0 | BU22: 0 | BV22: 0 | BW22: 0 | BX22: 0 | BY22: 0 | BZ22: 0 | CA22: 0 | CB22: 0 | CC22: 0
A23: 단호박분말(중국산) | B23: 0.8 | C23: 0 | D23: 0 | E23: 0 | F23: 0.8 | G23: 1.2 | H23: 0 | I23: 0 | J23: 0 | K23: 0 | L23: 0 | M23: 0 | N23: 0 | O23: 0 | P23: 0 | Q23: 1.1 | R23: 0 | S23: 0 | T23: 0 | U23: 0 | V23: 0 | W23: 0 | X23: 0.7 | Y23: 1.6 | Z23: 0 | AA23: 0 | AB23: 0 | AC23: 0 | AD23: 0 | AE23: 0 | AF23: 0 | AG23: 3 | AH23: 0 | AI23: 0 | AJ23: 0 | AK23: 0 | AL23: 0 | AM23: 0 | AN23: 0 | AO23: 0 | AP23: 0.2 | AQ23: 0 | AR23: 0 | AS23: 0 | AT23: 0 | AU23: 0 | AV23: 0 | AW23: 0 | AX23: 0 | AY23: 2.4 | BA23: 0 | BB23: 0 | BC23: 3.3 | BD23: 0 | BE23: 0 | BF23: 0 | BG23: 0 | BH23: 1.7 | BI23: 0 | BJ23: 2.2 | BK23: 0 | BL23: 0 | BM23: 0 | BN23: 0 | BO23: 0 | BP23: 0 | BQ23: 0 | BR23: 0 | BS23: 0 | BT23: 1.7 | BU23: 1.5 | BV23: 2 | BW23: 2 | BX23: 1.7 | BY23: 1.3 | BZ23: 3.1 | CA23: 0 | CB23: 0 | CC23: 0
A24: 당류가공품(단호박농축액) | B24: 0.04 | C24: 0 | D24: 0 | E24: 0 | F24: 0 | G24: 0.6 | H24: 0 | I24: 0 | J24: 0 | K24: 0 | L24: 0 | M24: 0 | N24: 0 | O24: 0 | P24: 0 | Q24: 0 | R24: 0 | S24: 0 | T24: 0 | U24: 0 | V24: 0 | W24: 0 | X24: 0.04 | Y24: 0 | Z24: 0 | AA24: 0 | AB24: 0 | AC24: 0 | AD24: 0 | AE24: 0 | AF24: 0 | AG24: 0 | AH24: 0 | AI24: 0 | AJ24: 0 | AK24: 0 | AL24: 0 | AM24: 0 | AN24: 0 | AO24: 0 | AP24: 0 | AQ24: 0 | AR24: 0 | AS24: 0 | AT24: 0 | AU24: 0 | AV24: 0 | AW24: 0 | AX24: 0 | AY24: 1.6 | BA24: 0 | BB24: 0 | BC24: 0.2 | BD24: 0 | BE24: 0 | BF24: 0 | BG24: 0 | BH24: 0.1 | BI24: 0 | BJ24: 0.1 | BK24: 0 | BL24: 0 | BM24: 0 | BN24: 0 | BO24: 0 | BP24: 0 | BQ24: 0 | BR24: 0 | BS24: 0 | BT24: 0.1 | BU24: 0 | BV24: 0 | BW24: 0 | BX24: 0 | BY24: 0 | BZ24: 0.2 | CA24: 0 | CB24: 0 | CC24: 0
A25: 당류가공품(알룰로스,에리스리톨,스테비올배당체혼합) | B25: 0 | C25: 0 | D25: 0 | E25: 0 | F25: 0 | G25: 0 | H25: 0 | I25: 0 | J25: 0 | K25: 0 | L25: 0 | M25: 0 | N25: 0 | O25: 0 | P25: 0 | Q25: 0 | R25: 0 | S25: 0 | T25: 0 | U25: 0 | V25: 0 | W25: 0 | X25: 0 | Y25: 0 | Z25: 0 | AA25: 0 | AB25: 0 | AC25: 0 | AD25: 0 | AE25: 0 | AF25: 0 | AG25: 0 | AH25: 0 | AI25: 0 | AJ25: 0 | AK25: 0 | AL25: 0 | AM25: 0 | AN25: 0 | AO25: 0 | AP25: 0 | AQ25: 0 | AR25: 0 | AS25: 0 | AT25: 0 | AU25: 0 | AV25: 0 | AW25: 1.7 | AX25: 0 | AY25: 0 | BA25: 0 | BB25: 0 | BC25: 0 | BD25: 0 | BE25: 0 | BF25: 0 | BG25: 0 | BH25: 0 | BI25: 0 | BJ25: 0 | BK25: 0 | BL25: 0 | BM25: 0 | BN25: 0 | BO25: 0 | BP25: 0 | BQ25: 0 | BR25: 0 | BS25: 0 | BT25: 0 | BU25: 0 | BV25: 0 | BW25: 0 | BX25: 0 | BY25: 0 | BZ25: 0 | CA25: 0 | CB25: 0 | CC25: 0
A26: 당류가공품(알룰로스제로파우더) | B26: 0 | C26: 0 | D26: 0 | E26: 0 | F26: 0 | G26: 0 | H26: 0 | I26: 0 | J26: 0 | K26: 0 | L26: 0 | M26: 0 | N26: 0 | O26: 0 | P26: 0 | Q26: 0 | R26: 0 | S26: 0 | T26: 0 | U26: 0 | V26: 0 | W26: 0 | X26: 0 | Y26: 0 | Z26: 0 | AA26: 0 | AB26: 0 | AC26: 0 | AD26: 0 | AE26: 0 | AF26: 0 | AG26: 0 | AH26: 0 | AI26: 0 | AJ26: 0 | AK26: 0 | AL26: 0 | AM26: 0 | AN26: 0 | AO26: 0 | AP26: 0 | AQ26: 0 | AR26: 0 | AS26: 0 | AT26: 0 | AU26: 0 | AV26: 0 | AW26: 0 | AX26: 1.7 | AY26: 0 | BA26: 0 | BB26: 0 | BC26: 0 | BD26: 0 | BE26: 0 | BF26: 0 | BG26: 0 | BH26: 0 | BI26: 0 | BJ26: 0 | BK26: 0 | BL26: 0 | BM26: 0 | BN26: 0 | BO26: 0 | BP26: 0 | BQ26: 0 | BR26: 0 | BS26: 0 | BT26: 0 | BU26: 0 | BV26: 0 | BW26: 0 | BX26: 0 | BY26: 0 | BZ26: 0 | CA26: 0 | CB26: 0 | CC26: 0
A27: 당절임(완두배기) | B27: 0 | C27: 0 | D27: 0 | E27: 0 | F27: 0 | G27: 0 | H27: 0 | I27: 0 | J27: 0 | K27: 0 | L27: 0 | M27: 0 | N27: 0 | O27: 0 | P27: 0 | Q27: 0 | R27: 0 | S27: 0 | T27: 0 | U27: 0 | V27: 0 | W27: 0 | X27: 0 | Y27: 0 | Z27: 0 | AA27: 0 | AB27: 0 | AC27: 0 | AD27: 0 | AE27: 0 | AF27: 0 | AG27: 0 | AH27: 0 | AI27: 0 | AJ27: 0 | AK27: 0 | AL27: 0 | AM27: 0 | AN27: 0 | AO27: 0 | AP27: 0 | AQ27: 24 | AR27: 0 | AS27: 0 | AT27: 0 | AU27: 0 | AV27: 0 | AW27: 0 | AX27: 0 | AY27: 0 | BA27: 0 | BB27: 0 | BC27: 0 | BD27: 0 | BE27: 0 | BF27: 0 | BG27: 0 | BH27: 0 | BI27: 0 | BJ27: 0 | BK27: 0 | BL27: 0 | BM27: 0 | BN27: 0 | BO27: 0 | BP27: 0 | BQ27: 0 | BR27: 0 | BS27: 0 | BT27: 0 | BU27: 0 | BV27: 0 | BW27: 0 | BX27: 0 | BY27: 0 | BZ27: 0 | CA27: 0 | CB27: 0 | CC27: 0
A28: 대추농축액 | B28: 0 | C28: 0 | D28: 0 | E28: 0 | F28: 0 | G28: 0 | H28: 2.9 | I28: 0 | J28: 0 | K28: 0 | L28: 0 | M28: 0 | N28: 0 | O28: 0 | P28: 0 | Q28: 0 | R28: 0 | S28: 0 | T28: 0 | U28: 0 | V28: 0 | W28: 0 | X28: 0 | Y28: 0 | Z28: 0 | AA28: 0 | AB28: 0 | AC28: 0 | AD28: 0 | AE28: 0 | AF28: 0 | AG28: 0 | AH28: 0 | AI28: 0 | AJ28: 0 | AK28: 0 | AL28: 0 | AM28: 0 | AN28: 0 | AO28: 0 | AP28: 0 | AQ28: 0 | AR28: 0 | AS28: 0 | AT28: 0 | AU28: 0 | AV28: 0 | AW28: 0 | AX28: 0 | AY28: 0 | BA28: 0 | BB28: 0 | BC28: 0 | BD28: 0 | BE28: 0 | BF28: 0 | BG28: 0 | BH28: 0 | BI28: 0 | BJ28: 0 | BK28: 0 | BL28: 0 | BM28: 0 | BN28: 0 | BO28: 0 | BP28: 0 | BQ28: 0 | BR28: 0 | BS28: 0 | BT28: 0 | BU28: 0 | BV28: 0 | BW28: 0 | BX28: 0 | BY28: 0 | BZ28: 0 | CA28: 0 | CB28: 0 | CC28: 0
A29: 대추채(국내산) | B29: 0 | C29: 0 | D29: 0 | E29: 0 | F29: 0 | G29: 1.2 | H29: 1.2 | I29: 0 | J29: 0 | K29: 0 | L29: 0 | M29: 0 | N29: 0 | O29: 0 | P29: 0 | Q29: 0 | R29: 0 | S29: 0 | T29: 0 | U29: 0 | V29: 0 | W29: 0 | X29: 0 | Y29: 0 | Z29: 0 | AA29: 0 | AB29: 0 | AC29: 0 | AD29: 0 | AE29: 0 | AF29: 0 | AG29: 0 | AH29: 0 | AI29: 0 | AJ29: 0 | AK29: 0 | AL29: 1.5 | AM29: 0 | AN29: 0 | AO29: 0 | AP29: 0 | AQ29: 0 | AR29: 0 | AS29: 0 | AT29: 0 | AU29: 0 | AV29: 0 | AW29: 0 | AX29: 0 | AY29: 0 | BA29: 0 | BB29: 0 | BC29: 0 | BD29: 0 | BE29: 0 | BF29: 0 | BG29: 0 | BH29: 0 | BI29: 0 | BJ29: 0 | BK29: 0 | BL29: 0 | BM29: 0 | BN29: 0 | BO29: 0 | BP29: 0 | BQ29: 0 | BR29: 0 | BS29: 0 | BT29: 0 | BU29: 0 | BV29: 0 | BW29: 0 | BX29: 0 | BY29: 0 | BZ29: 0 | CA29: 0 | CB29: 0 | CC29: 0
A30: 동부(미얀마산) | B30: 0 | C30: 0 | D30: 0 | E30: 0 | F30: 0 | G30: 0 | H30: 0 | I30: 0 | J30: 0 | K30: 0 | L30: 0 | M30: 0 | N30: 0 | O30: 0 | P30: 0 | Q30: 0 | R30: 0 | S30: 0 | T30: 0 | U30: 0 | V30: 0 | W30: 0 | X30: 0 | Y30: 0 | Z30: 0 | AA30: 20 | AB30: 0 | AC30: 0 | AD30: 0 | AE30: 0 | AF30: 0 | AG30: 0 | AH30: 0 | AI30: 0 | AJ30: 0 | AK30: 0 | AL30: 0 | AM30: 0 | AN30: 0 | AO30: 0 | AP30: 0 | AQ30: 0 | AR30: 0 | AS30: 0 | AT30: 0 | AU30: 0 | AV30: 0 | AW30: 0 | AX30: 0 | AY30: 0 | BA30: 0 | BB30: 0 | BC30: 0 | BD30: 0 | BE30: 0 | BF30: 0 | BG30: 0 | BH30: 0 | BI30: 0 | BJ30: 15.4 | BK30: 14 | BL30: 8 | BM30: 0 | BN30: 12.4 | BO30: 0 | BP30: 0 | BQ30: 0 | BR30: 0 | BS30: 0 | BT30: 0 | BU30: 0 | BV30: 0 | BW30: 0 | BX30: 0 | BY30: 0 | BZ30: 0 | CA30: 0 | CB30: 0 | CC30: 0 | CD30: 8 | CE30: 7.5
A31: 두류가공품(백옥앙금) | B31: 0 | C31: 0 | D31: 0 | E31: 0 | F31: 0 | G31: 0 | H31: 0 | I31: 0 | J31: 0 | K31: 0 | L31: 0 | M31: 0 | N31: 0 | O31: 0 | P31: 0 | Q31: 0 | R31: 0 | S31: 0 | T31: 0 | U31: 0 | V31: 0 | W31: 0 | X31: 0 | Y31: 0 | Z31: 0 | AA31: 25 | AB31: 0 | AC31: 0 | AD31: 0 | AE31: 0 | AF31: 0 | AG31: 0 | AH31: 0 | AI31: 0 | AJ31: 0 | AK31: 0 | AL31: 0 | AM31: 0 | AN31: 0 | AO31: 0 | AP31: 0 | AQ31: 0 | AR31: 0 | AS31: 0 | AT31: 0 | AU31: 0 | AV31: 0 | AW31: 0 | AX31: 0 | AY31: 0 | BA31: 0 | BB31: 0 | BC31: 0 | BD31: 0 | BE31: 0 | BF31: 0 | BG31: 0 | BH31: 0 | BI31: 0 | BJ31: 0 | BK31: 28 | BL31: 33 | BM31: 0 | BN31: 0 | BO31: 0 | BP31: 0 | BQ31: 0 | BR31: 0 | BS31: 0 | BT31: 0 | BU31: 0 | BV31: 0 | BW31: 0 | BX31: 0 | BY31: 0 | BZ31: 0 | CA31: 0 | CB31: 0 | CC31: 0
A32: 두류가공품(콩고물) | B32: 0 | C32: 0 | D32: 0 | E32: 3 | F32: 0 | G32: 0 | H32: 0 | I32: 0 | J32: 0 | K32: 0 | L32: 0 | M32: 0 | N32: 0 | O32: 0 | P32: 0 | Q32: 0 | R32: 0 | S32: 0 | T32: 0 | U32: 0 | V32: 0 | W32: 3.6 | X32: 5.1 | Y32: 0 | Z32: 0 | AA32: 0 | AB32: 0 | AC32: 0 | AD32: 0 | AE32: 0 | AF32: 0 | AG32: 0 | AH32: 0 | AI32: 0 | AJ32: 0 | AK32: 0.2 | AL32: 0 | AM32: 3.4 | AN32: 0 | AO32: 0 | AP32: 0.35 | AQ32: 0 | AR32: 0 | AS32: 0 | AT32: 4.2 | AU32: 0 | AV32: 0.2 | AW32: 0 | AX32: 0 | AY32: 0 | BA32: 0 | BB32: 0 | BC32: 0 | BD32: 0 | BE32: 0 | BF32: 0 | BG32: 0 | BH32: 0 | BI32: 0 | BJ32: 0 | BK32: 3 | BL32: 7 | BM32: 3 | BN32: 2.7 | BO32: 0 | BP32: 3 | BQ32: 0 | BR32: 0 | BS32: 0 | BT32: 0 | BU32: 0 | BV32: 0 | BW32: 0 | BX32: 0 | BY32: 0.2 | BZ32: 3.7 | CA32: 0.2 | CB32: 0 | CC32: 0
A33: 두류가공품(통팥고물) | B33: 0 | C33: 0 | D33: 0 | E33: 0 | F33: 0 | G33: 0 | H33: 0 | I33: 0 | J33: 0 | K33: 0 | L33: 0 | M33: 0 | N33: 0 | O33: 0 | P33: 0 | Q33: 0 | R33: 0 | S33: 0 | T33: 0 | U33: 0 | V33: 0 | W33: 0 | X33: 0 | Y33: 0 | Z33: 0 | AA33: 0 | AB33: 0 | AC33: 0 | AD33: 0 | AE33: 0 | AF33: 0 | AG33: 0 | AH33: 0 | AI33: 0 | AJ33: 0 | AK33: 0 | AL33: 0 | AM33: 0 | AN33: 0 | AO33: 0 | AP33: 0 | AQ33: 20 | AR33: 0 | AS33: 0 | AT33: 0 | AU33: 0 | AV33: 0 | AW33: 0 | AX33: 0 | AY33: 0 | BA33: 0 | BB33: 0 | BC33: 0 | BD33: 0 | BE33: 0 | BF33: 0 | BG33: 0 | BH33: 0 | BI33: 0 | BJ33: 0 | BK33: 0 | BL33: 0 | BM33: 0 | BN33: 0 | BO33: 0 | BP33: 0 | BQ33: 0 | BR33: 0 | BS33: 0 | BT33: 0 | BU33: 0 | BV33: 30 | BW33: 30 | BX33: 0 | BY33: 0 | BZ33: 0 | CA33: 0 | CB33: 0 | CC33: 0
A34: 딸기레진 | B34: 0 | C34: 0 | D34: 0 | E34: 0 | F34: 0 | G34: 0 | H34: 0 | I34: 0.1 | J34: 0 | K34: 3.57 | L34: 0 | M34: 0 | N34: 0 | O34: 0 | P34: 0 | Q34: 0 | R34: 0 | S34: 0 | T34: 0 | U34: 0 | V34: 0 | W34: 0 | X34: 0 | Y34: 0 | Z34: 0 | AA34: 0 | AB34: 0 | AC34: 0 | AD34: 0 | AE34: 0 | AF34: 0 | AG34: 0 | AH34: 0 | AI34: 0 | AJ34: 0 | AK34: 0 | AL34: 0 | AM34: 0 | AN34: 0 | AO34: 0 | AP34: 0 | AQ34: 0 | AR34: 0 | AS34: 0 | AT34: 0 | AU34: 0 | AV34: 0 | AW34: 0 | AX34: 0 | AY34: 0 | BA34: 0 | BB34: 0 | BC34: 0 | BD34: 0 | BE34: 0 | BF34: 0 | BG34: 0 | BH34: 0 | BI34: 0 | BJ34: 0 | BK34: 0 | BL34: 0 | BM34: 0 | BN34: 0 | BO34: 0 | BP34: 0 | BQ34: 0 | BR34: 0 | BS34: 0 | BT34: 0 | BU34: 0 | BV34: 0 | BW34: 0 | BX34: 0 | BY34: 0 | BZ34: 0 | CA34: 0 | CB34: 0 | CC34: 0
A35: 딸기분말(스트로우베리에이드(분말)) | B35: 0 | C35: 0 | D35: 0 | E35: 0 | F35: 0 | G35: 0 | H35: 0 | I35: 1.4 | J35: 0 | K35: 0 | L35: 0 | M35: 0 | N35: 0 | O35: 0 | P35: 0 | Q35: 0 | R35: 0 | S35: 0 | T35: 0 | U35: 0 | V35: 0 | W35: 0 | X35: 0 | Y35: 0 | Z35: 0 | AA35: 0 | AB35: 0 | AC35: 0 | AD35: 0 | AE35: 0 | AF35: 0 | AG35: 0 | AH35: 0 | AI35: 0 | AJ35: 0 | AK35: 0 | AL35: 0 | AM35: 0 | AN35: 0 | AO35: 0 | AP35: 0 | AQ35: 0 | AR35: 0 | AS35: 0 | AT35: 0 | AU35: 0 | AV35: 0 | AW35: 0 | AX35: 0 | AY35: 0 | BA35: 0 | BB35: 0 | BC35: 0 | BD35: 0 | BE35: 0 | BF35: 0 | BG35: 0 | BH35: 0 | BI35: 0 | BJ35: 0 | BK35: 0 | BL35: 0 | BM35: 0 | BN35: 0 | BO35: 0 | BP35: 0 | BQ35: 0 | BR35: 0 | BS35: 0 | BT35: 0 | BU35: 0 | BV35: 0 | BW35: 0 | BX35: 0 | BY35: 0 | BZ35: 0 | CA35: 0 | CB35: 0 | CC35: 0
A36: 마스카포네치즈 | B36: 0 | C36: 0 | D36: 0 | E36: 0 | F36: 0 | G36: 0 | H36: 0 | I36: 0 | J36: 0 | K36: 0 | L36: 0 | M36: 0 | N36: 7.14 | O36: 0 | P36: 0 | Q36: 0 | R36: 0 | S36: 0 | T36: 0 | U36: 0 | V36: 0 | W36: 0 | X36: 0 | Y36: 0 | Z36: 0 | AA36: 0 | AB36: 0 | AC36: 0 | AD36: 0 | AE36: 0 | AF36: 0 | AG36: 0 | AH36: 0 | AI36: 0 | AJ36: 0 | AK36: 0 | AL36: 0 | AM36: 0 | AN36: 0 | AO36: 0 | AP36: 0 | AQ36: 0 | AR36: 0 | AS36: 0 | AT36: 0 | AU36: 0 | AV36: 0 | AW36: 0 | AX36: 0 | AY36: 0 | BA36: 0 | BB36: 0 | BC36: 0 | BD36: 0 | BE36: 0 | BF36: 0 | BG36: 0 | BH36: 0 | BI36: 0 | BJ36: 0 | BK36: 0 | BL36: 0 | BM36: 0 | BN36: 0 | BO36: 0 | BP36: 0 | BQ36: 0 | BR36: 0 | BS36: 0 | BT36: 0 | BU36: 0 | BV36: 0 | BW36: 0 | BX36: 0 | BY36: 0 | BZ36: 0 | CA36: 0 | CB36: 0 | CC36: 0
A37: 마카다미아분태(호주산) | B37: 0 | C37: 0 | D37: 0 | E37: 0 | F37: 0 | G37: 0 | H37: 0 | I37: 0 | J37: 0 | K37: 0 | L37: 0 | M37: 0 | N37: 0 | O37: 0 | P37: 4.3 | Q37: 4.9 | R37: 4.9 | S37: 4.9 | T37: 0 | U37: 0 | V37: 0 | W37: 0 | X37: 0 | Y37: 0 | Z37: 0 | AA37: 0 | AB37: 0 | AC37: 0 | AD37: 0 | AE37: 0 | AF37: 0 | AG37: 0 | AH37: 0 | AI37: 0 | AJ37: 0 | AK37: 0 | AL37: 0 | AM37: 0 | AN37: 0 | AO37: 0 | AP37: 0 | AQ37: 0 | AR37: 0 | AS37: 0 | AT37: 0 | AU37: 0 | AV37: 0 | AW37: 0 | AX37: 0 | AY37: 0 | BA37: 0 | BB37: 0 | BC37: 0 | BD37: 0 | BE37: 0 | BF37: 0 | BG37: 0 | BH37: 0 | BI37: 0 | BJ37: 0 | BK37: 0 | BL37: 0 | BM37: 0 | BN37: 0 | BO37: 0 | BP37: 0 | BQ37: 0 | BR37: 0 | BS37: 0 | BT37: 0 | BU37: 0 | BV37: 0 | BW37: 0 | BX37: 0 | BY37: 0 | BZ37: 0 | CA37: 0 | CB37: 0 | CC37: 0
A38: 멥쌀(국내산) | B38: 0 | C38: 0 | D38: 67.3 | E38: 0 | F38: 61.7 | G38: 0 | H38: 0 | I38: 68.1 | J38: 0 | K38: 0 | L38: 0 | M38: 0 | N38: 0 | O38: 0 | P38: 0 | Q38: 0 | R38: 0 | S38: 0 | T38: 63.2 | U38: 0 | V38: 48.4 | W38: 0 | X38: 0 | Y38: 63.5 | Z38: 0 | AA38: 26.67 | AB38: 65.2 | AC38: 0 | AD38: 99 | AE38: 100 | AF38: 95 | AG38: 96 | AH38: 63.6 | AI38: 48.4 | AJ38: 17.7 | AK38: 63.9 | AL38: 0 | AM38: 0 | AN38: 0 | AO38: 0 | AP38: 47.73 | AQ38: 0 | AR38: 0 | AS38: 69.5 | AT38: 0 | AU38: 61.7 | AV38: 63.7 | AW38: 83.4 | AX38: 0 | AY38: 0 | AZ38: 2 | BA38: 66.2 | BB38: 61.5 | BC38: 0 | BD38: 58.2 | BE38: 0 | BF38: 0 | BG38: 0 | BH38: 0 | BI38: 0 | BJ38: 0 | BK38: 0 | BL38: 0 | BM38: 0 | BN38: 0 | BO38: 0 | BP38: 0 | BQ38: 0 | BR38: 0 | BS38: 0 | BT38: 0 | BU38: 60.7 | BV38: 0 | BW38: 0 | BX38: 67.1 | BY38: 63.4 | BZ38: 0 | CA38: 53.1 | CB38: 62.7 | CC38: 0
A39: 모시잎(국내산) | B39: 0 | C39: 0 | D39: 0 | E39: 0 | F39: 0 | G39: 0 | H39: 0 | I39: 0 | J39: 0 | K39: 0 | L39: 0 | M39: 0 | N39: 0 | O39: 0 | P39: 0 | Q39: 0 | R39: 0 | S39: 0 | T39: 0 | U39: 0 | V39: 12.1 | W39: 14.3 | X39: 0 | Y39: 0 | Z39: 0 | AA39: 6.68 | AB39: 0 | AC39: 0 | AD39: 0 | AE39: 0 | AF39: 0 | AG39: 0 | AH39: 0 | AI39: 0 | AJ39: 0 | AK39: 0 | AL39: 0 | AM39: 0 | AN39: 0 | AO39: 0 | AP39: 0 | AQ39: 0 | AR39: 0 | AS39: 0 | AT39: 0 | AU39: 0 | AV39: 0 | AW39: 0 | AX39: 0 | AY39: 0 | BA39: 0 | BB39: 0 | BC39: 0 | BD39: 0 | BE39: 0 | BF39: 0 | BG39: 0 | BH39: 0 | BI39: 0 | BJ39: 0 | BK39: 0 | BL39: 0 | BM39: 0 | BN39: 0 | BO39: 0 | BP39: 0 | BQ39: 0 | BR39: 0 | BS39: 0 | BT39: 0 | BU39: 0 | BV39: 0 | BW39: 0 | BX39: 0 | BY39: 0 | BZ39: 0 | CA39: 0 | CB39: 0 | CC39: 0
A40: 물엿(저당물엿) | B40: 2.7 | C40: 0 | D40: 0 | E40: 4.7 | F40: 0 | G40: 0 | H40: 0 | I40: 0 | J40: 5.43 | K40: 5.43 | L40: 5.43 | M40: 5.43 | N40: 5.43 | O40: 5.43 | P40: 2.1 | Q40: 0 | R40: 0 | S40: 0 | T40: 0 | U40: 0 | V40: 2 | W40: 3.6 | X40: 5.1 | Y40: 0 | Z40: 0 | AA40: 0 | AB40: 0 | AC40: 0 | AD40: 0 | AE40: 0 | AF40: 0 | AG40: 0 | AH40: 0 | AI40: 2 | AJ40: 0 | AK40: 0 | AL40: 0 | AM40: 6.8 | AN40: 4.4 | AO40: 0 | AP40: 0 | AQ40: 0 | AR40: 2.4 | AS40: 0 | AT40: 4.2 | AU40: 0 | AV40: 0 | AW40: 0 | AX40: 0 | AY40: 0 | BA40: 0 | BB40: 0 | BC40: 3.9 | BD40: 0 | BE40: 4.4 | BF40: 2 | BG40: 1.9 | BH40: 2 | BI40: 4.7 | BJ40: 1.5 | BK40: 2.2 | BL40: 3 | BM40: 2.2 | BN40: 2 | BO40: 4.77 | BP40: 4.7 | BQ40: 0 | BR40: 2.7 | BS40: 1.9 | BT40: 2 | BU40: 0 | BV40: 0 | BW40: 0 | BX40: 0 | BY40: 0 | BZ40: 7.4 | CA40: 0 | CB40: 0 | CC40: 0 | CD40: 3 | CE40: 2.8
A41: 밤다이스 | B41: 0 | C41: 4.2 | D41: 0 | E41: 0 | F41: 2.4 | G41: 4.1 | H41: 4.1 | I41: 0 | J41: 0 | K41: 0 | L41: 0 | M41: 0 | N41: 0 | O41: 0 | P41: 0.8 | Q41: 1.1 | R41: 1.1 | S41: 1.1 | T41: 2.5 | U41: 3 | V41: 0 | W41: 0 | X41: 0 | Y41: 0 | Z41: 0 | AA41: 0 | AB41: 0 | AC41: 0 | AD41: 0 | AE41: 0 | AF41: 0 | AG41: 0 | AH41: 0 | AI41: 0 | AJ41: 0 | AK41: 0 | AL41: 0 | AM41: 0 | AN41: 0 | AO41: 0 | AP41: 0 | AQ41: 0 | AR41: 0 | AS41: 0 | AT41: 0 | AU41: 1.6 | AV41: 0 | AW41: 0 | AX41: 0 | AY41: 0 | BA41: 0 | BB41: 0 | BC41: 0 | BD41: 0 | BE41: 0 | BF41: 0 | BG41: 0 | BH41: 0 | BI41: 0 | BJ41: 0 | BK41: 0 | BL41: 0 | BM41: 0 | BN41: 0 | BO41: 0 | BP41: 0 | BQ41: 0 | BR41: 0 | BS41: 0 | BT41: 0 | BU41: 0 | BV41: 0 | BW41: 0 | BX41: 0 | BY41: 0 | BZ41: 0 | CA41: 0 | CB41: 1.6 | CC41: 4.2
A42: 변성전분(타피오카전분) | B42: 0 | C42: 0 | D42: 0 | E42: 0 | F42: 0 | G42: 0 | H42: 0 | I42: 0 | J42: 0 | K42: 0 | L42: 0 | M42: 0 | N42: 0 | O42: 0 | P42: 0 | Q42: 0 | R42: 0 | S42: 0 | T42: 0 | U42: 0 | V42: 1.21 | W42: 0 | X42: 0 | Y42: 0 | Z42: 0 | AA42: 0.67 | AB42: 0 | AC42: 0 | AD42: 0 | AE42: 0 | AF42: 0 | AG42: 0 | AH42: 0 | AI42: 1.21 | AJ42: 0 | AK42: 0 | AL42: 0.6 | AM42: 0 | AN42: 0 | AO42: 0 | AP42: 0.74 | AQ42: 0 | AR42: 0 | AS42: 0 | AT42: 0 | AU42: 0 | AV42: 0 | AW42: 0 | AX42: 0 | AY42: 0.7 | BA42: 0 | BB42: 0 | BC42: 0 | BD42: 0 | BE42: 0 | BF42: 0 | BG42: 0 | BH42: 0 | BI42: 0 | BJ42: 0 | BK42: 0 | BL42: 0 | BM42: 0 | BN42: 0 | BO42: 0 | BP42: 0 | BQ42: 0 | BR42: 0 | BS42: 0 | BT42: 0 | BU42: 0 | BV42: 0 | BW42: 0 | BX42: 0 | BY42: 0 | BZ42: 0 | CA42: 0 | CB42: 0 | CC42: 0
A43: 복음땅콩분태 | B43: 0 | C43: 0 | D43: 0 | E43: 0 | F43: 0 | G43: 0 | H43: 0 | I43: 0 | J43: 0 | K43: 0 | L43: 0 | M43: 0 | N43: 0 | O43: 0 | P43: 0 | Q43: 0 | R43: 0 | S43: 0 | T43: 0 | U43: 0 | V43: 0 | W43: 0 | X43: 2.5 | Y43: 0 | Z43: 0 | AA43: 0 | AB43: 0 | AC43: 0 | AD43: 0 | AE43: 0 | AF43: 0 | AG43: 0 | AH43: 0 | AI43: 0 | AJ43: 0 | AK43: 0 | AL43: 0 | AM43: 0 | AN43: 0 | AO43: 0 | AP43: 0 | AQ43: 0 | AR43: 0 | AS43: 0 | AT43: 0 | AU43: 0 | AV43: 0 | AW43: 0 | AX43: 0 | AY43: 0 | BA43: 0 | BB43: 0 | BC43: 0 | BD43: 0 | BE43: 0 | BF43: 0 | BG43: 0 | BH43: 0 | BI43: 0 | BJ43: 0 | BK43: 0 | BL43: 0 | BM43: 0 | BN43: 0 | BO43: 0 | BP43: 0 | BQ43: 0 | BR43: 0 | BS43: 0 | BT43: 0 | BU43: 0 | BV43: 0 | BW43: 0 | BX43: 0 | BY43: 0 | BZ43: 0 | CA43: 0 | CB43: 0 | CC43: 0
A44: 사양벌꿀(국내산) | B44: 0 | C44: 0 | D44: 2.2 | E44: 0 | F44: 0 | G44: 0 | H44: 0 | I44: 0 | J44: 0 | K44: 0 | L44: 0 | M44: 0 | N44: 0 | O44: 0 | P44: 0 | Q44: 0 | R44: 0 | S44: 0 | T44: 0 | U44: 0 | V44: 0 | W44: 0 | X44: 0 | Y44: 0 | Z44: 0 | AA44: 0 | AB44: 0 | AC44: 0 | AD44: 0 | AE44: 0 | AF44: 0 | AG44: 0 | AH44: 2 | AI44: 0 | AJ44: 0 | AK44: 0 | AL44: 0 | AM44: 0 | AN44: 0 | AO44: 0 | AP44: 0 | AQ44: 0 | AR44: 0 | AS44: 0 | AT44: 0 | AU44: 0 | AV44: 0 | AW44: 0 | AX44: 0 | AY44: 0 | BA44: 0 | BB44: 0 | BC44: 0 | BD44: 0 | BE44: 0 | BF44: 0 | BG44: 0 | BH44: 0 | BI44: 0 | BJ44: 0 | BK44: 0 | BL44: 0 | BM44: 0 | BN44: 0 | BO44: 0 | BP44: 0 | BQ44: 0 | BR44: 0 | BS44: 0 | BT44: 0 | BU44: 1.9 | BV44: 0 | BW44: 0 | BX44: 0 | BY44: 0 | BZ44: 0 | CA44: 0 | CB44: 0 | CC44: 0
A45: 생크림 | B45: 0 | C45: 0 | D45: 0 | E45: 0 | F45: 0 | G45: 0 | H45: 0 | I45: 0 | J45: 6.62 | K45: 6.62 | L45: 6.62 | M45: 6.62 | N45: 6.62 | O45: 6.62 | P45: 0 | Q45: 0 | R45: 0 | S45: 0 | T45: 0 | U45: 0 | V45: 0 | W45: 0 | X45: 0 | Y45: 0 | Z45: 0 | AA45: 0 | AB45: 0 | AC45: 0 | AD45: 0 | AE45: 0 | AF45: 0 | AG45: 0 | AH45: 0 | AI45: 0 | AJ45: 0 | AK45: 0 | AL45: 0 | AM45: 0 | AN45: 0 | AO45: 0 | AP45: 0 | AQ45: 0 | AR45: 0 | AS45: 0 | AT45: 0 | AU45: 0 | AV45: 0 | AW45: 0 | AX45: 0 | AY45: 0 | BA45: 0 | BB45: 0 | BC45: 0 | BD45: 0 | BE45: 0 | BF45: 0 | BG45: 0 | BH45: 0 | BI45: 0 | BJ45: 0 | BK45: 0 | BL45: 0 | BM45: 0 | BN45: 0 | BO45: 0 | BP45: 0 | BQ45: 0 | BR45: 0 | BS45: 0 | BT45: 0 | BU45: 0 | BV45: 0 | BW45: 0 | BX45: 0 | BY45: 0 | BZ45: 0 | CA45: 0 | CB45: 0 | CC45: 0
A46: 서양호박(국내산,뉴질랜드산) | B46: 0 | C46: 0 | D46: 0 | E46: 0 | F46: 4.8 | G46: 0 | H46: 0 | I46: 0 | J46: 0 | K46: 0 | L46: 0 | M46: 0 | N46: 0 | O46: 0 | P46: 0 | Q46: 0 | R46: 0 | S46: 0 | T46: 0 | U46: 0 | V46: 0 | W46: 0 | X46: 0 | Y46: 0 | Z46: 0 | AA46: 0 | AB46: 0 | AC46: 0 | AD46: 0 | AE46: 0 | AF46: 0 | AG46: 0 | AH46: 0 | AI46: 0 | AJ46: 0 | AK46: 0 | AL46: 0 | AM46: 0 | AN46: 0 | AO46: 0 | AP46: 0 | AQ46: 0 | AR46: 0 | AS46: 0 | AT46: 0 | AU46: 0 | AV46: 0 | AW46: 0 | AX46: 0 | AY46: 0 | BA46: 0 | BB46: 0 | BC46: 0 | BD46: 0 | BE46: 0 | BF46: 0 | BG46: 0 | BH46: 0 | BI46: 0 | BJ46: 0 | BK46: 0 | BL46: 0 | BM46: 0 | BN46: 0 | BO46: 0 | BP46: 0 | BQ46: 0 | BR46: 0 | BS46: 0 | BT46: 0 | BU46: 7.6 | BV46: 0 | BW46: 0 | BX46: 8.4 | BY46: 0 | BZ46: 0 | CA46: 0 | CB46: 0 | CC46: 0
A47: 설탕 | B47: 2.7 | C47: 6.5 | D47: 8.4 | E47: 4.7 | F47: 10 | G47: 8.7 | H47: 8.6 | I47: 10.6 | J47: 1.42 | K47: 1.42 | L47: 1.42 | M47: 1.42 | N47: 1.42 | O47: 1.42 | P47: 2.1 | Q47: 1.4 | R47: 1.4 | S47: 1.4 | T47: 10.2 | U47: 10 | V47: 0 | W47: 3.6 | X47: 2.5 | Y47: 14.8 | Z47: 2.9 | AA47: 0 | AB47: 4.9 | AC47: 6.4 | AD47: 0 | AE47: 0 | AF47: 0 | AG47: 0 | AH47: 7.9 | AI47: 0 | AJ47: 2.1 | AK47: 4.8 | AL47: 6.1 | AM47: 3.4 | AN47: 4.4 | AO47: 6.4 | AP47: 9.7 | AQ47: 5.6 | AR47: 2.4 | AS47: 11.3 | AT47: 4.2 | AU47: 10 | AV47: 4.8 | AW47: 0 | AX47: 0 | AY47: 0 | AZ47: 19 | BA47: 10.8 | BB47: 10 | BC47: 3.9 | BD47: 9.5 | BE47: 4.4 | BF47: 2 | BG47: 1.9 | BH47: 2 | BI47: 4.7 | BJ47: 1.5 | BK47: 2.2 | BL47: 3 | BM47: 2.2 | BN47: 2 | BO47: 4.77 | BP47: 4.7 | BQ47: 8.4 | BR47: 2.7 | BS47: 1.9 | BT47: 2 | BU47: 7.6 | BV47: 4.7 | BW47: 4.7 | BX47: 8.4 | BY47: 4.8 | BZ47: 3.7 | CA47: 5 | CB47: 10.2 | CC47: 8.9 | CD47: 3 | CE47: 2.8
A48: 스트로우베리 에이드 후레쉬 | B48: 0 | C48: 0 | D48: 0 | E48: 0 | F48: 0 | G48: 0 | H48: 0 | I48: 0 | J48: 0 | K48: 3.57 | L48: 0 | M48: 0 | N48: 0 | O48: 0 | P48: 0 | Q48: 0 | R48: 0 | S48: 0 | T48: 0 | U48: 0 | V48: 0 | W48: 0 | X48: 0 | Y48: 0 | Z48: 0 | AA48: 0 | AB48: 0 | AC48: 0 | AD48: 0 | AE48: 0 | AF48: 0 | AG48: 0 | AH48: 0 | AI48: 0 | AJ48: 0 | AK48: 0 | AL48: 0 | AM48: 0 | AN48: 0 | AO48: 0 | AP48: 0 | AQ48: 0 | AR48: 0 | AS48: 0 | AT48: 0 | AU48: 0 | AV48: 0 | AW48: 0 | AX48: 0 | AY48: 0 | BA48: 0 | BB48: 0 | BC48: 0 | BD48: 0 | BE48: 0 | BF48: 0 | BG48: 0 | BH48: 0 | BI48: 0 | BJ48: 0 | BK48: 0 | BL48: 0 | BM48: 0 | BN48: 0 | BO48: 0 | BP48: 0 | BQ48: 0 | BR48: 0 | BS48: 0 | BT48: 0 | BU48: 0 | BV48: 0 | BW48: 0 | BX48: 0 | BY48: 0 | BZ48: 0 | CA48: 0 | CB48: 0 | CC48: 0
A49: 식물성기름혼합제제(분홍) | B49: 0 | C49: 0 | D49: 0 | E49: 0 | F49: 0 | G49: 0 | H49: 0 | I49: 0 | J49: 0 | K49: 0 | L49: 0 | M49: 0 | N49: 0 | O49: 0 | P49: 0 | Q49: 0 | R49: 0 | S49: 0 | T49: 0 | U49: 0 | V49: 0 | W49: 0 | X49: 0 | Y49: 0 | Z49: 0 | AA49: 0 | AB49: 0 | AC49: 0 | AD49: 0 | AE49: 0 | AF49: 0 | AG49: 0 | AH49: 0 | AI49: 0 | AJ49: 0 | AK49: 0 | AL49: 0 | AM49: 0 | AN49: 0 | AO49: 0 | AP49: 0 | AQ49: 0 | AR49: 0 | AS49: 0 | AT49: 0 | AU49: 0 | AV49: 0 | AW49: 0 | AX49: 0 | AY49: 0 | BA49: 0 | BB49: 0 | BC49: 0 | BD49: 0 | BE49: 0 | BF49: 0 | BG49: 0 | BH49: 0 | BI49: 0 | BJ49: 0 | BK49: 0 | BL49: 0 | BM49: 0 | BN49: 0 | BO49: 0 | BP49: 0 | BQ49: 0 | BR49: 0 | BS49: 0 | BT49: 0 | BU49: 0 | BV49: 0 | BW49: 0 | BX49: 0 | BY49: 0 | BZ49: 0 | CA49: 0 | CB49: 0 | CC49: 0
A50: 식물성기름혼합제제(초록) | B50: 0 | C50: 0 | D50: 0 | E50: 0 | F50: 0 | G50: 0 | H50: 0 | I50: 0 | J50: 0 | K50: 0 | L50: 0 | M50: 0 | N50: 0 | O50: 0 | P50: 0 | Q50: 0 | R50: 0 | S50: 0 | T50: 0 | U50: 0 | V50: 0 | W50: 0 | X50: 0 | Y50: 0 | Z50: 0 | AA50: 0 | AB50: 0 | AC50: 0 | AD50: 0 | AE50: 0 | AF50: 0 | AG50: 0 | AH50: 0 | AI50: 0 | AJ50: 0 | AK50: 0 | AL50: 0 | AM50: 0 | AN50: 0 | AO50: 0 | AP50: 0 | AQ50: 0 | AR50: 0 | AS50: 0 | AT50: 0 | AU50: 0 | AV50: 0 | AW50: 0 | AX50: 0 | AY50: 0 | BA50: 0 | BB50: 0 | BC50: 0 | BD50: 0 | BE50: 0 | BF50: 0 | BG50: 0 | BH50: 0 | BI50: 0 | BJ50: 0 | BK50: 0 | BL50: 0 | BM50: 0 | BN50: 0 | BO50: 0 | BP50: 0 | BQ50: 0 | BR50: 0 | BS50: 0 | BT50: 0 | BU50: 0 | BV50: 0 | BW50: 0 | BX50: 0 | BY50: 0 | BZ50: 0 | CA50: 0 | CB50: 0 | CC50: 0
A51: 식물성기름혼합제제(황색) | B51: 0 | C51: 0 | D51: 0 | E51: 0 | F51: 0 | G51: 0 | H51: 0 | I51: 0 | J51: 0 | K51: 0 | L51: 0 | M51: 0 | N51: 0 | O51: 0 | P51: 0 | Q51: 0 | R51: 0 | S51: 0 | T51: 0 | U51: 0 | V51: 0 | W51: 0 | X51: 0 | Y51: 0 | Z51: 0 | AA51: 0 | AB51: 0 | AC51: 0 | AD51: 0 | AE51: 0 | AF51: 0 | AG51: 0 | AH51: 0 | AI51: 0 | AJ51: 0 | AK51: 0 | AL51: 0 | AM51: 0 | AN51: 0 | AO51: 0 | AP51: 0 | AQ51: 0 | AR51: 0 | AS51: 0 | AT51: 0 | AU51: 0 | AV51: 0 | AW51: 0 | AX51: 0 | AY51: 0 | BA51: 0 | BB51: 0 | BC51: 0 | BD51: 0 | BE51: 0 | BF51: 0 | BG51: 0 | BH51: 0 | BI51: 0 | BJ51: 0 | BK51: 0 | BL51: 0 | BM51: 0 | BN51: 0 | BO51: 0 | BP51: 0 | BQ51: 0 | BR51: 0 | BS51: 0 | BT51: 0 | BU51: 0 | BV51: 0 | BW51: 0 | BX51: 0 | BY51: 0 | BZ51: 0 | CA51: 0 | CB51: 0 | CC51: 0
A52: 쑥가루(국내산) | B52: 0.4 | C52: 0 | D52: 0 | E52: 0 | F52: 0 | G52: 0 | H52: 0 | I52: 0 | J52: 0 | K52: 0 | L52: 0 | M52: 0 | N52: 0 | O52: 0 | P52: 0 | Q52: 0 | R52: 0 | S52: 1.1 | T52: 0 | U52: 0 | V52: 0.91 | W52: 0.2 | X52: 0.4 | Y52: 1.6 | Z52: 1.5 | AA52: 0.5 | AB52: 0 | AC52: 0 | AD52: 0 | AE52: 0 | AF52: 2 | AG52: 0 | AH52: 1.6 | AI52: 0.91 | AJ52: 0 | AK52: 1.3 | AL52: 1.5 | AM52: 1.7 | AN52: 0.47 | AO52: 0 | AP52: 0.2 | AQ52: 0 | AR52: 0 | AS52: 0 | AT52: 0 | AU52: 0 | AV52: 0 | AW52: 0 | AX52: 0 | AY52: 0 | BA52: 0 | BB52: 0 | BC52: 0 | BD52: 0 | BE52: 1 | BF52: 0 | BG52: 1 | BH52: 0 | BI52: 0 | BJ52: 0 | BK52: 1.1 | BL52: 0 | BM52: 1.1 | BN52: 1 | BO52: 0 | BP52: 0 | BQ52: 0 | BR52: 0 | BS52: 1 | BT52: 0 | BU52: 0 | BV52: 0 | BW52: 0 | BX52: 0 | BY52: 0 | BZ52: 0 | CA52: 0 | CB52: 0 | CC52: 0 | CE52: 3.1
A53: 아몬드슬라이스 | B53: 0 | C53: 0 | D53: 0 | E53: 0 | F53: 1.2 | G53: 0 | H53: 0 | I53: 0 | J53: 0 | K53: 0 | L53: 0 | M53: 0 | N53: 0 | O53: 0 | P53: 0 | Q53: 0 | R53: 0 | S53: 0 | T53: 0 | U53: 0 | V53: 0 | W53: 0 | X53: 0 | Y53: 0 | Z53: 0 | AA53: 0 | AB53: 0 | AC53: 0 | AD53: 0 | AE53: 0 | AF53: 0 | AG53: 0 | AH53: 0 | AI53: 0 | AJ53: 0 | AK53: 0 | AL53: 0 | AM53: 0 | AN53: 0 | AO53: 0 | AP53: 0 | AQ53: 0 | AR53: 0 | AS53: 0 | AT53: 0 | AU53: 0 | AV53: 0 | AW53: 0 | AX53: 0 | AY53: 0 | BA53: 0 | BB53: 0 | BC53: 0 | BD53: 1.1 | BE53: 0 | BF53: 0 | BG53: 0 | BH53: 0 | BI53: 0 | BJ53: 0 | BK53: 0 | BL53: 0 | BM53: 0 | BN53: 0 | BO53: 0 | BP53: 0 | BQ53: 0 | BR53: 0 | BS53: 0 | BT53: 0 | BU53: 0 | BV53: 0 | BW53: 0 | BX53: 0 | BY53: 0 | BZ53: 0 | CA53: 0 | CB53: 0 | CC53: 0
A54: 알룰로오스(국내산) | B54: 0 | C54: 0 | D54: 0 | E54: 0 | F54: 0 | G54: 0 | H54: 0 | I54: 0 | J54: 0 | K54: 0 | L54: 0 | M54: 0 | N54: 0 | O54: 0 | P54: 0 | Q54: 0 | R54: 0 | S54: 0 | T54: 0 | U54: 0 | V54: 0 | W54: 0 | X54: 0 | Y54: 0 | Z54: 0 | AA54: 0 | AB54: 0 | AC54: 0 | AD54: 0 | AE54: 0 | AF54: 0 | AG54: 0 | AH54: 0 | AI54: 0 | AJ54: 0 | AK54: 0 | AL54: 0 | AM54: 0 | AN54: 0 | AO54: 0 | AP54: 0 | AQ54: 0 | AR54: 0 | AS54: 0 | AT54: 0 | AU54: 0 | AV54: 0 | AW54: 0 | AX54: 0 | AY54: 3.3 | BA54: 0 | BB54: 0 | BC54: 0 | BD54: 0 | BE54: 0 | BF54: 0 | BG54: 0 | BH54: 0 | BI54: 0 | BJ54: 0 | BK54: 0 | BL54: 0 | BM54: 0 | BN54: 0 | BO54: 0 | BP54: 0 | BQ54: 0 | BR54: 0 | BS54: 0 | BT54: 0 | BU54: 0 | BV54: 0 | BW54: 0 | BX54: 0 | BY54: 0 | BZ54: 0 | CA54: 0 | CB54: 0 | CC54: 0
A55: 연유 | B55: 0 | C55: 0 | D55: 0 | E55: 0 | F55: 0 | G55: 0 | H55: 0 | I55: 0 | J55: 0.49 | K55: 0.49 | L55: 0.49 | M55: 0.49 | N55: 0.49 | O55: 0.49 | P55: 0 | Q55: 0 | R55: 0 | S55: 0 | T55: 0 | U55: 0 | V55: 0 | W55: 0 | X55: 0 | Y55: 0 | Z55: 0 | AA55: 0 | AB55: 0 | AC55: 0 | AD55: 0 | AE55: 0 | AF55: 0 | AG55: 0 | AH55: 0 | AI55: 0 | AJ55: 0 | AK55: 0 | AL55: 0 | AM55: 0 | AN55: 0 | AO55: 0 | AP55: 0 | AQ55: 0 | AR55: 0 | AS55: 0 | AT55: 0 | AU55: 0 | AV55: 0 | AW55: 0 | AX55: 0 | AY55: 0 | BA55: 0 | BB55: 0 | BC55: 0 | BD55: 0 | BE55: 0 | BF55: 0 | BG55: 0 | BH55: 0 | BI55: 0 | BJ55: 0 | BK55: 0 | BL55: 0 | BM55: 0 | BN55: 0 | BO55: 0 | BP55: 0 | BQ55: 0 | BR55: 0 | BS55: 0 | BT55: 0 | BU55: 0 | BV55: 0 | BW55: 0 | BX55: 0 | BY55: 0 | BZ55: 0 | CA55: 0 | CB55: 0 | CC55: 0
A56: 옥수수전분 | B56: 0 | C56: 0 | D56: 0 | E56: 0 | F56: 0 | G56: 0 | H56: 0 | I56: 0 | J56: 0 | K56: 0 | L56: 0 | M56: 0 | N56: 0 | O56: 0 | P56: 3.2 | Q56: 1.3 | R56: 1.3 | S56: 1.3 | T56: 0 | U56: 0 | V56: 0 | W56: 0 | X56: 0 | Y56: 0 | Z56: 0 | AA56: 0 | AB56: 0 | AC56: 0 | AD56: 0 | AE56: 0 | AF56: 0 | AG56: 0 | AH56: 0 | AI56: 0 | AJ56: 0 | AK56: 0 | AL56: 0 | AM56: 0 | AN56: 0 | AO56: 0 | AP56: 0 | AQ56: 0 | AR56: 1.2 | AS56: 0 | AT56: 0 | AU56: 0 | AV56: 0 | AW56: 0 | AX56: 0 | AY56: 0 | BA56: 0 | BB56: 0 | BC56: 0 | BD56: 0 | BE56: 0 | BF56: 0 | BG56: 0 | BH56: 0 | BI56: 0 | BJ56: 0 | BK56: 0 | BL56: 0 | BM56: 0 | BN56: 0 | BO56: 0 | BP56: 0 | BQ56: 0 | BR56: 0 | BS56: 0 | BT56: 0 | BU56: 0 | BV56: 0 | BW56: 0 | BX56: 0 | BY56: 0 | BZ56: 0 | CA56: 0 | CB56: 0 | CC56: 0
A57: 완두배기 | B57: 0 | C57: 0 | D57: 0 | E57: 0 | F57: 0 | G57: 0 | H57: 0 | I57: 0 | J57: 0 | K57: 0 | L57: 0 | M57: 0 | N57: 0 | O57: 0 | P57: 0 | Q57: 0 | R57: 0 | S57: 0 | T57: 0 | U57: 0 | V57: 0 | W57: 0 | X57: 0 | Y57: 0 | Z57: 0 | AA57: 0 | AB57: 0 | AC57: 0 | AD57: 0 | AE57: 0 | AF57: 0 | AG57: 0 | AH57: 0 | AI57: 0 | AJ57: 0 | AK57: 0 | AL57: 0 | AM57: 0 | AN57: 0 | AO57: 0 | AP57: 0 | AQ57: 0 | AR57: 0 | AS57: 0 | AT57: 0 | AU57: 0 | AV57: 0 | AW57: 0 | AX57: 0 | AY57: 0 | BA57: 0 | BB57: 0 | BC57: 0 | BD57: 0 | BE57: 0 | BF57: 0 | BG57: 0 | BH57: 0 | BI57: 0 | BJ57: 0 | BK57: 0 | BL57: 0 | BM57: 0 | BN57: 0 | BO57: 0 | BP57: 0 | BQ57: 0 | BR57: 0 | BS57: 0 | BT57: 0 | BU57: 0 | BV57: 0 | BW57: 0 | BX57: 0 | BY57: 0 | BZ57: 0 | CA57: 0 | CB57: 3.3 | CC57: 1.8
A58: 우유(국내산) | B58: 0 | C58: 0 | D58: 0 | E58: 0 | F58: 0 | G58: 0 | H58: 0 | I58: 0 | J58: 0 | K58: 0 | L58: 0 | M58: 0 | N58: 0 | O58: 0 | P58: 0 | Q58: 0 | R58: 0 | S58: 0 | T58: 0 | U58: 0 | V58: 0 | W58: 0 | X58: 0 | Y58: 0 | Z58: 0 | AA58: 0 | AB58: 0 | AC58: 0 | AD58: 0 | AE58: 0 | AF58: 0 | AG58: 0 | AH58: 0 | AI58: 0 | AJ58: 0 | AK58: 0 | AL58: 0 | AM58: 0 | AN58: 0 | AO58: 0 | AP58: 0 | AQ58: 0 | AR58: 0 | AS58: 9 | AT58: 0 | AU58: 0 | AV58: 0 | AW58: 7.5 | AX58: 0 | AY58: 0 | BA58: 0 | BB58: 0 | BC58: 0 | BD58: 0 | BE58: 0 | BF58: 0 | BG58: 0 | BH58: 0 | BI58: 0 | BJ58: 0 | BK58: 0 | BL58: 0 | BM58: 0 | BN58: 0 | BO58: 0 | BP58: 0 | BQ58: 0 | BR58: 0 | BS58: 0 | BT58: 0 | BU58: 0 | BV58: 0 | BW58: 0 | BX58: 0 | BY58: 0 | BZ58: 0 | CA58: 0 | CB58: 0 | CC58: 0
A59: 자색고구마가루(중국산) | B59: 0 | C59: 0 | D59: 0 | E59: 0 | F59: 0 | G59: 0 | H59: 0 | I59: 0 | J59: 0 | K59: 0 | L59: 0 | M59: 0 | N59: 0 | O59: 0 | P59: 0 | Q59: 0 | R59: 0 | S59: 0 | T59: 0 | U59: 0 | V59: 0 | W59: 0 | X59: 0 | Y59: 0 | Z59: 0 | AA59: 0 | AB59: 0 | AC59: 0 | AD59: 0 | AE59: 0 | AF59: 0 | AG59: 0 | AH59: 0 | AI59: 0 | AJ59: 0 | AK59: 0 | AL59: 0 | AM59: 0 | AN59: 0 | AO59: 0 | AP59: 0.2 | AQ59: 0 | AR59: 0 | AS59: 0 | AT59: 0 | AU59: 1.2 | AV59: 1 | AW59: 0 | AX59: 0 | AY59: 0 | BA59: 0 | BB59: 0 | BC59: 0 | BD59: 0 | BE59: 0 | BF59: 0 | BG59: 0 | BH59: 0 | BI59: 0 | BJ59: 0 | BK59: 0 | BL59: 0 | BM59: 0 | BN59: 0 | BO59: 0 | BP59: 0 | BQ59: 0 | BR59: 0 | BS59: 0 | BT59: 0 | BU59: 0 | BV59: 0 | BW59: 0 | BX59: 0 | BY59: 0 | BZ59: 0 | CA59: 0 | CB59: 0 | CC59: 0
A60: 자연치즈(체다치즈) | B60: 0 | C60: 0 | D60: 0 | E60: 0 | F60: 0 | G60: 0 | H60: 0 | I60: 0 | J60: 0 | K60: 0 | L60: 0 | M60: 0 | N60: 0 | O60: 0 | P60: 0 | Q60: 0 | R60: 0 | S60: 0 | T60: 0 | U60: 0 | V60: 0 | W60: 0 | X60: 0 | Y60: 0 | Z60: 0 | AA60: 0 | AB60: 0 | AC60: 0 | AD60: 0 | AE60: 0 | AF60: 0 | AG60: 0 | AH60: 0 | AI60: 0 | AJ60: 0 | AK60: 0 | AL60: 0 | AM60: 0 | AN60: 0 | AO60: 0 | AP60: 0 | AQ60: 0 | AR60: 0 | AS60: 0 | AT60: 0 | AU60: 0 | AV60: 0 | AW60: 0 | AX60: 0 | AY60: 0 | BA60: 0 | BB60: 11.5 | BC60: 0 | BD60: 0 | BE60: 0 | BF60: 0 | BG60: 0 | BH60: 0 | BI60: 0 | BJ60: 0 | BK60: 0 | BL60: 0 | BM60: 0 | BN60: 0 | BO60: 0 | BP60: 0 | BQ60: 0 | BR60: 0 | BS60: 0 | BT60: 0 | BU60: 0 | BV60: 0 | BW60: 0 | BX60: 0 | BY60: 0 | BZ60: 0 | CA60: 0 | CB60: 0 | CC60: 0
A61: 정제수 | B61: 0 | C61: 17.7 | D61: 12.6 | E61: 37.9 | F61: 16.1 | G61: 17.4 | H61: 17.3 | I61: 17.7 | J61: 3.1 | K61: 3.1 | L61: 3.1 | M61: 3.1 | N61: 3.1 | O61: 3.1 | P61: 0 | Q61: 17.6 | R61: 17.6 | S61: 17.6 | T61: 16.4 | U61: 13 | V61: 33.32 | W61: 0 | X61: 0 | Y61: 15.4 | Z61: 25.4 | AA61: 19.4 | AB61: 21.1 | AC61: 26.4 | AD61: 0 | AE61: 0 | AF61: 0 | AG61: 0 | AH61: 11.9 | AI61: 33.32 | AJ61: 10 | AK61: 19.3 | AL61: 0 | AM61: 0 | AN61: 35.89 | AO61: 23.4 | AP61: 22.87 | AQ61: 4.6 | AR61: 0 | AS61: 9 | AT61: 0 | AU61: 16.1 | AV61: 21.7 | AW61: 6.3 | AX61: 12.5 | AY61: 0 | AZ61: 3 | BA61: 17.2 | BB61: 16 | BC61: 0 | BD61: 15.1 | BE61: 32.6 | BF61: 14.9 | BG61: 14.2 | BH61: 14.5 | BI61: 37.3 | BJ61: 14.7 | BK61: 0 | BL61: 15.36 | BM61: 0 | BN61: 11.6 | BO61: 40.61 | BP61: 37.9 | BQ61: 13.7 | BR61: 0 | BS61: 12 | BT61: 12.8 | BU61: 12.1 | BV61: 1.2 | BW61: 1.2 | BX61: 13.4 | BY61: 21.8 | BZ61: 0 | CA61: 19.6 | CB61: 16.3 | CC61: 17.9 | CD61: 15.36 | CE61: 11.37
A62: 젤라틴 | B62: 0 | C62: 0 | D62: 0 | E62: 0 | F62: 0 | G62: 0 | H62: 0 | I62: 0 | J62: 0.24 | K62: 0.24 | L62: 0.24 | M62: 0.24 | N62: 0.24 | O62: 0.24 | P62: 0 | Q62: 0 | R62: 0 | S62: 0 | T62: 0 | U62: 0 | V62: 0 | W62: 0 | X62: 0 | Y62: 0 | Z62: 0 | AA62: 0 | AB62: 0 | AC62: 0 | AD62: 0 | AE62: 0 | AF62: 0 | AG62: 0 | AH62: 0 | AI62: 0 | AJ62: 0 | AK62: 0 | AL62: 0 | AM62: 0 | AN62: 0 | AO62: 0 | AP62: 0 | AQ62: 0 | AR62: 0 | AS62: 0 | AT62: 0 | AU62: 0 | AV62: 0 | AW62: 0 | AX62: 0 | AY62: 0 | BA62: 0 | BB62: 0 | BC62: 0 | BD62: 0 | BE62: 0 | BF62: 0 | BG62: 0 | BH62: 0 | BI62: 0 | BJ62: 0 | BK62: 0 | BL62: 0 | BM62: 0 | BN62: 0 | BO62: 0 | BP62: 0 | BQ62: 0 | BR62: 0 | BS62: 0 | BT62: 0 | BU62: 0 | BV62: 0 | BW62: 0 | BX62: 0 | BY62: 0 | BZ62: 0 | CA62: 0 | CB62: 0 | CC62: 0
A63: 조림류(백옥앙금) | B63: 0 | C63: 0 | D63: 0 | E63: 0 | F63: 0 | G63: 0 | H63: 0 | I63: 0 | J63: 10.16 | K63: 10.16 | L63: 10.16 | M63: 10.16 | N63: 10.16 | O63: 10.16 | P63: 0 | Q63: 0 | R63: 0 | S63: 0 | T63: 0 | U63: 0 | V63: 0 | W63: 0 | X63: 0 | Y63: 0 | Z63: 0 | AA63: 0 | AB63: 0 | AC63: 0 | AD63: 0 | AE63: 0 | AF63: 0 | AG63: 0 | AH63: 0 | AI63: 0 | AJ63: 0 | AK63: 0 | AL63: 0 | AM63: 0 | AN63: 0 | AO63: 0 | AP63: 0 | AQ63: 0 | AR63: 0 | AS63: 0 | AT63: 0 | AU63: 0 | AV63: 0 | AW63: 0 | AX63: 0 | AY63: 0 | BA63: 0 | BB63: 0 | BC63: 0 | BD63: 0 | BE63: 0 | BF63: 0 | BG63: 0 | BH63: 0 | BI63: 0 | BJ63: 23.5 | BK63: 0 | BL63: 0 | BM63: 0 | BN63: 24.8 | BO63: 0 | BP63: 0 | BQ63: 0 | BR63: 0 | BS63: 0 | BT63: 0 | BU63: 0 | BV63: 0 | BW63: 0 | BX63: 0 | BY63: 0 | BZ63: 0 | CA63: 0 | CB63: 0 | CC63: 0 | CD63: 33 | CE63: 30.7
A64: 조림류(통팥앙금) | B64: 36.5 | C64: 0 | D64: 0 | E64: 0 | F64: 0 | G64: 0 | H64: 0 | I64: 0 | J64: 0 | K64: 0 | L64: 0 | M64: 0 | N64: 0 | O64: 0 | P64: 40.1 | Q64: 33.3 | R64: 33.3 | S64: 33.3 | T64: 0 | U64: 0 | V64: 0 | W64: 0 | X64: 0 | Y64: 0 | Z64: 0 | AA64: 0 | AB64: 0 | AC64: 0 | AD64: 0 | AE64: 0 | AF64: 0 | AG64: 0 | AH64: 0 | AI64: 0 | AJ64: 0 | AK64: 0 | AL64: 0 | AM64: 0 | AN64: 0 | AO64: 0 | AP64: 0 | AQ64: 0 | AR64: 44.8 | AS64: 0 | AT64: 0 | AU64: 0 | AV64: 0 | AW64: 0 | AX64: 0 | AY64: 0 | AZ64: 18 | BA64: 0 | BB64: 0 | BC64: 0 | BD64: 0 | BE64: 0 | BF64: 37.2 | BG64: 35.8 | BH64: 36.6 | BI64: 0 | BJ64: 0 | BK64: 0 | BL64: 0 | BM64: 41.6 | BN64: 0 | BO64: 0 | BP64: 0 | BQ64: 0 | BR64: 33.66 | BS64: 36.3 | BT64: 36.8 | BU64: 0 | BV64: 0 | BW64: 0 | BX64: 0 | BY64: 0 | BZ64: 0 | CA64: 0 | CB64: 0 | CC64: 0
A65: 준초콜릿(외국산) | B65: 0 | C65: 0 | D65: 0 | E65: 0 | F65: 0 | G65: 0 | H65: 0 | I65: 0 | J65: 0 | K65: 0 | L65: 0 | M65: 0 | N65: 0 | O65: 0 | P65: 0 | Q65: 0 | R65: 0 | S65: 0 | T65: 0 | U65: 0 | V65: 0 | W65: 0 | X65: 0 | Y65: 0 | Z65: 0 | AA65: 0 | AB65: 0 | AC65: 0 | AD65: 0 | AE65: 0 | AF65: 0 | AG65: 0 | AH65: 0 | AI65: 0 | AJ65: 0 | AK65: 0 | AL65: 0 | AM65: 0 | AN65: 0 | AO65: 0 | AP65: 0 | AQ65: 0 | AR65: 0 | AS65: 0 | AT65: 0 | AU65: 0 | AV65: 0 | AW65: 0 | AX65: 0 | AY65: 0 | BA65: 3.4 | BB65: 0 | BC65: 0 | BD65: 0 | BE65: 0 | BF65: 0 | BG65: 0 | BH65: 0 | BI65: 0 | BJ65: 0 | BK65: 0 | BL65: 0 | BM65: 0 | BN65: 0 | BO65: 0 | BP65: 0 | BQ65: 0 | BR65: 0 | BS65: 0 | BT65: 0 | BU65: 0 | BV65: 0 | BW65: 0 | BX65: 0 | BY65: 0 | BZ65: 0 | CA65: 0 | CB65: 0 | CC65: 0
A66: 중력분 | B66: 1.2 | C66: 0 | D66: 0 | E66: 0.9 | F66: 0 | G66: 0 | H66: 0 | I66: 0 | J66: 0.39 | K66: 0.39 | L66: 0.39 | M66: 0.39 | N66: 0.39 | O66: 0.39 | P66: 0.2 | Q66: 0 | R66: 0 | S66: 0 | T66: 0 | U66: 0 | V66: 0 | W66: 1.6 | X66: 1.1 | Y66: 0 | Z66: 0 | AA66: 0 | AB66: 0 | AC66: 0 | AD66: 0 | AE66: 0 | AF66: 0 | AG66: 0 | AH66: 0 | AI66: 0 | AJ66: 0 | AK66: 0 | AL66: 0 | AM66: 1.5 | AN66: 0.9 | AO66: 0 | AP66: 0 | AQ66: 0 | AR66: 0.2 | AS66: 0 | AT66: 1.9 | AU66: 0 | AV66: 0 | AW66: 0 | AX66: 0 | AY66: 0 | AZ66: 2 | BA66: 0 | BB66: 0 | BC66: 0.4 | BD66: 0 | BE66: 0.9 | BF66: 0.2 | BG66: 0.2 | BH66: 0.2 | BI66: 0.9 | BJ66: 0.1 | BK66: 1 | BL66: 0.37 | BM66: 1 | BN66: 0.9 | BO66: 0.97 | BP66: 0.9 | BQ66: 0 | BR66: 1.2 | BS66: 0.7 | BT66: 0.7 | BU66: 0 | BV66: 0 | BW66: 0 | BX66: 0 | BY66: 0 | BZ66: 1.7 | CA66: 0 | CB66: 0 | CC66: 0 | CD66: 0.37 | CE66: 0.6
A67: 참깨(인도산,나이지리아산,탄자니아산,미얀마산) | B67: 0 | C67: 0 | D67: 0 | E67: 0 | F67: 0 | G67: 0 | H67: 0 | I67: 0 | J67: 0 | K67: 0 | L67: 0 | M67: 0 | N67: 0 | O67: 0 | P67: 0 | Q67: 0 | R67: 0 | S67: 0 | T67: 0 | U67: 0 | V67: 0 | W67: 0 | X67: 0 | Y67: 0 | Z67: 0 | AA67: 1 | AB67: 6.5 | AC67: 0 | AD67: 0 | AE67: 0 | AF67: 0 | AG67: 0 | AH67: 0 | AI67: 0 | AJ67: 0 | AK67: 6.4 | AL67: 0 | AM67: 0 | AN67: 0 | AO67: 0 | AP67: 13.92 | AQ67: 0 | AR67: 0 | AS67: 0 | AT67: 0 | AU67: 0 | AV67: 6.4 | AW67: 0 | AX67: 0 | AY67: 0 | BA67: 0 | BB67: 0 | BC67: 0 | BD67: 0 | BE67: 0 | BF67: 0 | BG67: 0 | BH67: 0 | BI67: 0 | BJ67: 0 | BK67: 0 | BL67: 0 | BM67: 0 | BN67: 0 | BO67: 0 | BP67: 0 | BQ67: 0 | BR67: 0 | BS67: 0 | BT67: 0 | BU67: 0 | BV67: 0 | BW67: 0 | BX67: 0 | BY67: 6.3 | BZ67: 0 | CA67: 6.6 | CB67: 0 | CC67: 0
A68: 찰옥수수전분(미국산) | AZ68: 9
A69: 찹쌀(국내산) | B69: 53.1 | C69: 58.9 | D69: 0 | E69: 47.5 | F69: 0 | G69: 58 | H69: 57.6 | I69: 0 | J69: 53.2 | K69: 53.2 | L69: 53.2 | M69: 53.2 | N69: 53.2 | O69: 53.2 | P69: 43 | Q69: 35.5 | R69: 35.5 | S69: 35.5 | T69: 0 | U69: 54 | V69: 0 | W69: 71.4 | X69: 70.9 | Y69: 0 | Z69: 58.8 | AA69: 0 | AB69: 0 | AC69: 43 | AD69: 0 | AE69: 0 | AF69: 0 | AG69: 0 | AH69: 0 | AI69: 0 | AJ69: 0 | AK69: 0 | AL69: 75.9 | AM69: 67.9 | AN69: 43.96 | AO69: 46 | AP69: 0 | AQ69: 45.1 | AR69: 47.8 | AS69: 0 | AT69: 83.4 | AU69: 0 | AV69: 0 | AW69: 0 | AX69: 0 | AY69: 81.4 | AZ69: 43 | BA69: 0 | BB69: 0 | BC69: 77.8 | BD69: 0 | BE69: 43.5 | BF69: 39.7 | BG69: 38.2 | BH69: 39 | BI69: 48 | BJ69: 29.3 | BK69: 45 | BL69: 29.5 | BM69: 44.4 | BN69: 39.6 | BO69: 47.62 | BP69: 47.5 | BQ69: 0 | BR69: 54.5 | BS69: 38.7 | BT69: 39.2 | BU69: 0 | BV69: 56 | BW69: 56 | BX69: 0 | BY69: 0 | BZ69: 73.9 | CA69: 0 | CB69: 0 | CC69: 59.6 | CD69: 29.5 | CE69: 27.8
A70: 천일염 | B70: 0.86 | C70: 0.6 | D70: 1.1 | E70: 0.9 | F70: 1 | G70: 0.6 | H70: 0.5 | I70: 1.2 | J70: 0 | K70: 0 | L70: 0 | M70: 0 | N70: 0 | O70: 0 | P70: 0.7 | Q70: 0.9 | R70: 0.9 | S70: 0.9 | T70: 1.1 | U70: 1 | V70: 0.85 | W70: 1.2 | X70: 0.9 | Y70: 1.1 | Z70: 0.9 | AA70: 0.08 | AB70: 1 | AC70: 0.8 | AD70: 1 | AE70: 0 | AF70: 1 | AG70: 1 | AH70: 1.1 | AI70: 0.85 | AJ70: 0.2 | AK70: 0.9 | AL70: 0 | AM70: 1.2 | AN70: 0.8 | AO70: 0.8 | AP70: 1.1 | AQ70: 0.7 | AR70: 0.8 | AS70: 1.2 | AT70: 1.5 | AU70: 1 | AV70: 0.9 | AW70: 1.1 | AX70: 2.5 | AY70: 0 | AZ70: 2 | BA70: 1.1 | BB70: 1 | BC70: 1.4 | BD70: 1 | BE70: 0.8 | BF70: 0.7 | BG70: 0.7 | BH70: 0.7 | BI70: 0.9 | BJ70: 0.5 | BK70: 0.8 | BL70: 0.53 | BM70: 0.8 | BN70: 0.7 | BO70: 0.86 | BP70: 0.9 | BQ70: 0.8 | BR70: 1 | BS70: 0.7 | BT70: 0.7 | BU70: 1 | BV70: 0.8 | BW70: 0.8 | BX70: 1 | BY70: 0.9 | BZ70: 1.3 | CA70: 0.9 | CB70: 1.1 | CC70: 0.6 | CD70: 0.53 | CE70: 0.5
A71: 치즈 [크림치즈] | B71: 0 | C71: 0 | D71: 0 | E71: 0 | F71: 0 | G71: 0 | H71: 0 | I71: 0 | J71: 6.65 | K71: 6.65 | L71: 6.65 | M71: 6.65 | N71: 6.65 | O71: 6.65 | P71: 0 | Q71: 0 | R71: 0 | S71: 0 | T71: 0 | U71: 0 | V71: 0 | W71: 0 | X71: 0 | Y71: 0 | Z71: 0 | AA71: 0 | AB71: 0 | AC71: 0 | AD71: 0 | AE71: 0 | AF71: 0 | AG71: 0 | AH71: 0 | AI71: 0 | AJ71: 0 | AK71: 0 | AL71: 0 | AM71: 0 | AN71: 0 | AO71: 0 | AP71: 0 | AQ71: 0 | AR71: 0 | AS71: 0 | AT71: 0 | AU71: 0 | AV71: 0 | AW71: 0 | AX71: 0 | AY71: 0 | BA71: 0 | BB71: 0 | BC71: 0 | BD71: 0 | BE71: 0 | BF71: 0 | BG71: 0 | BH71: 0 | BI71: 0 | BJ71: 0 | BK71: 0 | BL71: 0 | BM71: 0 | BN71: 0 | BO71: 0 | BP71: 0 | BQ71: 0 | BR71: 0 | BS71: 0 | BT71: 0 | BU71: 0 | BV71: 0 | BW71: 0 | BX71: 0 | BY71: 0 | BZ71: 0 | CA71: 0 | CB71: 0 | CC71: 0
A72: 코코아가공품류(코코아분말) | B72: 0 | C72: 0 | D72: 0 | E72: 0 | F72: 0 | G72: 0 | H72: 0 | I72: 0 | J72: 0 | K72: 0 | L72: 0 | M72: 3.57 | N72: 0 | O72: 0 | P72: 0 | Q72: 0 | R72: 0 | S72: 0 | T72: 0 | U72: 0 | V72: 0 | W72: 0 | X72: 0 | Y72: 0 | Z72: 0 | AA72: 0 | AB72: 0 | AC72: 0 | AD72: 0 | AE72: 0 | AF72: 0 | AG72: 0 | AH72: 0 | AI72: 0 | AJ72: 0 | AK72: 0 | AL72: 0 | AM72: 0 | AN72: 0 | AO72: 0 | AP72: 0 | AQ72: 0 | AR72: 0 | AS72: 0 | AT72: 0 | AU72: 0 | AV72: 0 | AW72: 0 | AX72: 0 | AY72: 0 | BA72: 1.3 | BB72: 0 | BC72: 0 | BD72: 0 | BE72: 0 | BF72: 0 | BG72: 0 | BH72: 0 | BI72: 0 | BJ72: 0 | BK72: 0 | BL72: 0 | BM72: 0 | BN72: 0 | BO72: 0 | BP72: 0 | BQ72: 0 | BR72: 0 | BS72: 0 | BT72: 0 | BU72: 0 | BV72: 0 | BW72: 0 | BX72: 0 | BY72: 0 | BZ72: 0 | CA72: 0 | CB72: 0 | CC72: 0
A73: 콩기름(대두유) | B73: 0 | C73: 0 | D73: 0 | E73: 0 | F73: 0 | G73: 0.8 | H73: 0.6 | I73: 0 | J73: 0 | K73: 0 | L73: 0 | M73: 0 | N73: 0 | O73: 0 | P73: 0 | Q73: 0 | R73: 0 | S73: 0 | T73: 0 | U73: 0 | V73: 1.21 | W73: 0 | X73: 0 | Y73: 0 | Z73: 0 | AA73: 0 | AB73: 1.3 | AC73: 0 | AD73: 0 | AE73: 0 | AF73: 0 | AG73: 0 | AH73: 0 | AI73: 1.21 | AJ73: 0 | AK73: 1.3 | AL73: 0 | AM73: 0 | AN73: 0 | AO73: 0 | AP73: 0.99 | AQ73: 0 | AR73: 0 | AS73: 0 | AT73: 0 | AU73: 0 | AV73: 1.3 | AW73: 0 | AX73: 0 | AY73: 0 | BA73: 0 | BB73: 0 | BC73: 0 | BD73: 0 | BE73: 0 | BF73: 0 | BG73: 0 | BH73: 0 | BI73: 0 | BJ73: 0 | BK73: 0 | BL73: 0 | BM73: 0 | BN73: 0 | BO73: 0 | BP73: 0 | BQ73: 0 | BR73: 0 | BS73: 0 | BT73: 0 | BU73: 0 | BV73: 0 | BW73: 0 | BX73: 0 | BY73: 1.3 | BZ73: 0 | CA73: 1.3 | CB73: 0 | CC73: 0
A74: 해바라기씨앗 | B74: 0 | C74: 0 | D74: 0 | E74: 0 | F74: 0 | G74: 1.2 | H74: 1.2 | I74: 0 | J74: 0 | K74: 0 | L74: 0 | M74: 0 | N74: 0 | O74: 0 | P74: 0 | Q74: 0 | R74: 0 | S74: 0 | T74: 0 | U74: 0 | V74: 0 | W74: 0 | X74: 1.9 | Y74: 0 | Z74: 0 | AA74: 0 | AB74: 0 | AC74: 0 | AD74: 0 | AE74: 0 | AF74: 0 | AG74: 0 | AH74: 0 | AI74: 0 | AJ74: 0 | AK74: 0 | AL74: 1.9 | AM74: 0 | AN74: 0 | AO74: 0 | AP74: 0 | AQ74: 0 | AR74: 0 | AS74: 0 | AT74: 0 | AU74: 1.2 | AV74: 0 | AW74: 0 | AX74: 0 | AY74: 2 | BA74: 0 | BB74: 0 | BC74: 0 | BD74: 0 | BE74: 0 | BF74: 0 | BG74: 0 | BH74: 0 | BI74: 0 | BJ74: 0 | BK74: 0 | BL74: 0 | BM74: 0 | BN74: 0 | BO74: 0 | BP74: 0 | BQ74: 0 | BR74: 0 | BS74: 0 | BT74: 0 | BU74: 0 | BV74: 0 | BW74: 0 | BX74: 0 | BY74: 0 | BZ74: 0 | CA74: 0 | CB74: 0 | CC74: 0
A75: 현미(국내산) | B75: 0 | C75: 0 | D75: 0 | E75: 0 | F75: 0 | G75: 0 | H75: 0 | I75: 0 | J75: 0 | K75: 0 | L75: 0 | M75: 0 | N75: 0 | O75: 0 | P75: 0 | Q75: 0 | R75: 0 | S75: 0 | T75: 0 | U75: 0 | V75: 0 | W75: 0 | X75: 0 | Y75: 0 | Z75: 0 | AA75: 0 | AB75: 0 | AC75: 0 | AD75: 0 | AE75: 0 | AF75: 0 | AG75: 0 | AH75: 0 | AI75: 0 | AJ75: 0 | AK75: 0 | AL75: 0 | AM75: 0 | AN75: 0 | AO75: 0 | AP75: 0 | AQ75: 0 | AR75: 0 | AS75: 0 | AT75: 0 | AU75: 0 | AV75: 0 | AW75: 0 | AX75: 0 | AY75: 0 | BA75: 0 | BB75: 0 | BC75: 0 | BD75: 0 | BE75: 0 | BF75: 0 | BG75: 0 | BH75: 0 | BI75: 0 | BJ75: 0 | BK75: 0 | BL75: 0 | BM75: 0 | BN75: 0 | BO75: 0 | BP75: 0 | BQ75: 76 | BR75: 0 | BS75: 0 | BT75: 0 | BU75: 0 | BV75: 0 | BW75: 0 | BX75: 0 | BY75: 0 | BZ75: 0 | CA75: 0 | CB75: 0 | CC75: 0
A76: 현미멥쌀(국내산) | B76: 0 | C76: 0 | D76: 0 | E76: 0 | F76: 0 | G76: 0 | H76: 0 | I76: 0 | J76: 0 | K76: 0 | L76: 0 | M76: 0 | N76: 0 | O76: 0 | P76: 0 | Q76: 0 | R76: 0 | S76: 0 | T76: 0 | U76: 0 | V76: 0 | W76: 0 | X76: 0 | Y76: 0 | Z76: 0 | AA76: 0 | AB76: 0 | AC76: 0 | AD76: 0 | AE76: 0 | AF76: 0 | AG76: 0 | AH76: 0 | AI76: 0 | AJ76: 0 | AK76: 0 | AL76: 0 | AM76: 0 | AN76: 0 | AO76: 0 | AP76: 0 | AQ76: 0 | AR76: 0 | AS76: 0 | AT76: 0 | AU76: 0 | AV76: 0 | AW76: 0 | AX76: 83.3 | AY76: 0 | BA76: 0 | BB76: 0 | BC76: 0 | BD76: 0 | BE76: 0 | BF76: 0 | BG76: 0 | BH76: 0 | BI76: 0 | BJ76: 0 | BK76: 0 | BL76: 0 | BM76: 0 | BN76: 0 | BO76: 0 | BP76: 0 | BQ76: 0 | BR76: 0 | BS76: 0 | BT76: 0 | BU76: 0 | BV76: 0 | BW76: 0 | BX76: 0 | BY76: 0 | BZ76: 0 | CA76: 0 | CB76: 0 | CC76: 0
A77: 호두분태(미국산) | B77: 0 | C77: 0 | D77: 0 | E77: 0 | F77: 0 | G77: 1.2 | H77: 1.2 | I77: 0 | J77: 0 | K77: 0 | L77: 0 | M77: 0 | N77: 0 | O77: 0 | P77: 3.2 | Q77: 2.7 | R77: 2.7 | S77: 2.7 | T77: 0 | U77: 0 | V77: 0 | W77: 0 | X77: 0.6 | Y77: 0 | Z77: 0 | AA77: 0 | AB77: 0 | AC77: 0 | AD77: 0 | AE77: 0 | AF77: 0 | AG77: 0 | AH77: 0 | AI77: 0 | AJ77: 0 | AK77: 0 | AL77: 3 | AM77: 0 | AN77: 0 | AO77: 0 | AP77: 0 | AQ77: 0 | AR77: 0 | AS77: 0 | AT77: 0 | AU77: 0 | AV77: 0 | AW77: 0 | AX77: 0 | AY77: 3.4 | BA77: 0 | BB77: 0 | BC77: 0 | BD77: 0 | BE77: 0 | BF77: 0 | BG77: 0 | BH77: 0 | BI77: 0 | BJ77: 0 | BK77: 0 | BL77: 0 | BM77: 0 | BN77: 0 | BO77: 0 | BP77: 0 | BQ77: 0 | BR77: 3.74 | BS77: 3.6 | BT77: 3.7 | BU77: 0 | BV77: 0 | BW77: 0 | BX77: 0 | BY77: 0 | BZ77: 0 | CA77: 0 | CB77: 0 | CC77: 0
A78: 호박씨앗(외국산) | B78: 0 | C78: 0 | D78: 0 | E78: 0 | F78: 0 | G78: 1.2 | H78: 1.2 | I78: 0 | J78: 0 | K78: 0 | L78: 0 | M78: 0 | N78: 0 | O78: 0 | P78: 0 | Q78: 0 | R78: 0 | S78: 0 | T78: 0 | U78: 0 | V78: 0 | W78: 0 | X78: 1.9 | Y78: 0 | Z78: 0 | AA78: 0 | AB78: 0 | AC78: 0 | AD78: 0 | AE78: 0 | AF78: 0 | AG78: 0 | AH78: 0 | AI78: 0 | AJ78: 0 | AK78: 0 | AL78: 1.9 | AM78: 0 | AN78: 0 | AO78: 0 | AP78: 0 | AQ78: 0 | AR78: 0 | AS78: 0 | AT78: 0 | AU78: 0 | AV78: 0 | AW78: 0 | AX78: 0 | AY78: 2 | BA78: 0 | BB78: 0 | BC78: 0 | BD78: 0 | BE78: 0 | BF78: 0 | BG78: 0 | BH78: 0 | BI78: 0 | BJ78: 0 | BK78: 0 | BL78: 0 | BM78: 0 | BN78: 0 | BO78: 0 | BP78: 0 | BQ78: 0 | BR78: 0 | BS78: 0 | BT78: 0 | BU78: 0 | BV78: 0 | BW78: 0 | BX78: 0 | BY78: 0 | BZ78: 1.8 | CA78: 0 | CB78: 0 | CC78: 0
A79: 혼합제제(떡용에스텔) | B79: 0.4 | C79: 0 | D79: 0 | E79: 0.4 | F79: 0 | G79: 0 | H79: 0 | I79: 0 | J79: 0 | K79: 0 | L79: 0 | M79: 0 | N79: 0 | O79: 0 | P79: 0.3 | Q79: 0.2 | R79: 0.2 | S79: 0.2 | T79: 0 | U79: 0 | V79: 0 | W79: 0.5 | X79: 0.4 | Y79: 0 | Z79: 0.3 | AA79: 0 | AB79: 0 | AC79: 0 | AD79: 0 | AE79: 0 | AF79: 0 | AG79: 0 | AH79: 0 | AI79: 0 | AJ79: 0 | AK79: 0 | AL79: 0 | AM79: 0.5 | AN79: 0.38 | AO79: 0 | AP79: 0 | AQ79: 0 | AR79: 0.4 | AS79: 0 | AT79: 0.6 | AU79: 0 | AV79: 0 | AW79: 0 | AX79: 0 | AY79: 0 | AZ79: 2 | BA79: 0 | BB79: 0 | BC79: 0.6 | BD79: 0 | BE79: 0.4 | BF79: 0.3 | BG79: 0.3 | BH79: 0.3 | BI79: 0.5 | BJ79: 0.2 | BK79: 0.4 | BL79: 0.24 | BM79: 0.4 | BN79: 0.3 | BO79: 0.4 | BP79: 0.4 | BQ79: 0 | BR79: 0.5 | BS79: 0.3 | BT79: 0.3 | BU79: 0 | BV79: 0 | BW79: 0 | BX79: 0 | BY79: 0 | BZ79: 0.6 | CA79: 0 | CB79: 0 | CC79: 0 | CD79: 0.24 | CE79: 0.23
A80: 혼합제제(스테비아) | B80: 0 | C80: 0 | D80: 0 | E80: 0 | F80: 0 | G80: 0 | H80: 0 | I80: 0 | J80: 0 | K80: 0 | L80: 0 | M80: 0 | N80: 0 | O80: 0 | P80: 0 | Q80: 0 | R80: 0 | S80: 0 | T80: 0 | U80: 0 | V80: 0 | W80: 0 | X80: 0 | Y80: 0 | Z80: 0 | AA80: 0 | AB80: 0 | AC80: 0 | AD80: 0 | AE80: 0 | AF80: 0 | AG80: 0 | AH80: 0 | AI80: 0 | AJ80: 0 | AK80: 0 | AL80: 0 | AM80: 0 | AN80: 0 | AO80: 0 | AP80: 0 | AQ80: 0 | AR80: 0 | AS80: 0 | AT80: 0 | AU80: 0 | AV80: 0 | AW80: 0 | AX80: 0 | AY80: 3.2 | BA80: 0 | BB80: 0 | BC80: 0 | BD80: 0 | BE80: 0 | BF80: 0 | BG80: 0 | BH80: 0 | BI80: 0 | BJ80: 0 | BK80: 0 | BL80: 0 | BM80: 0 | BN80: 0 | BO80: 0 | BP80: 0 | BQ80: 0 | BR80: 0 | BS80: 0 | BT80: 0 | BU80: 0 | BV80: 0 | BW80: 0 | BX80: 0 | BY80: 0 | BZ80: 0 | CA80: 0 | CB80: 0 | CC80: 0
A81: 화이트초콜릿 | B81: 0 | C81: 0 | D81: 0 | E81: 0 | F81: 0 | G81: 0 | H81: 0 | I81: 0 | J81: 2.2 | K81: 2.2 | L81: 2.2 | M81: 2.2 | N81: 2.2 | O81: 2.2 | P81: 0 | Q81: 0 | R81: 0 | S81: 0 | T81: 0 | U81: 0 | V81: 0 | W81: 0 | X81: 0 | Y81: 0 | Z81: 0 | AA81: 0 | AB81: 0 | AC81: 0 | AD81: 0 | AE81: 0 | AF81: 0 | AG81: 0 | AH81: 0 | AI81: 0 | AJ81: 0 | AK81: 0 | AL81: 0 | AM81: 0 | AN81: 0 | AO81: 0 | AP81: 0 | AQ81: 0 | AR81: 0 | AS81: 0 | AT81: 0 | AU81: 0 | AV81: 0 | AW81: 0 | AX81: 0 | AY81: 0 | BA81: 0 | BB81: 0 | BC81: 0 | BD81: 0 | BE81: 0 | BF81: 0 | BG81: 0 | BH81: 0 | BI81: 0 | BJ81: 0 | BK81: 0 | BL81: 0 | BM81: 0 | BN81: 0 | BO81: 0 | BP81: 0 | BQ81: 0 | BR81: 0 | BS81: 0 | BT81: 0 | BU81: 0 | BV81: 0 | BW81: 0 | BX81: 0 | BY81: 0 | BZ81: 0 | CA81: 0 | CB81: 0 | CC81: 0
A82: 흑미찹쌀(국내산) | B82: 0 | C82: 0 | D82: 0 | E82: 0 | F82: 0 | G82: 0 | H82: 0 | I82: 0 | J82: 0 | K82: 0 | L82: 0 | M82: 0 | N82: 0 | O82: 0 | P82: 0 | Q82: 0 | R82: 0 | S82: 0 | T82: 0 | U82: 0 | V82: 0 | W82: 0 | X82: 4.26 | Y82: 0 | Z82: 0 | AA82: 0 | AB82: 0 | AC82: 0 | AD82: 0 | AE82: 0 | AF82: 0 | AG82: 0 | AH82: 0 | AI82: 0 | AJ82: 0 | AK82: 0 | AL82: 0 | AM82: 0 | AN82: 0 | AO82: 0 | AP82: 0 | AQ82: 0 | AR82: 0 | AS82: 0 | AT82: 0 | AU82: 0 | AV82: 0 | AW82: 0 | AX82: 0 | AY82: 0 | BA82: 0 | BB82: 0 | BC82: 0 | BD82: 0 | BE82: 0 | BF82: 0 | BG82: 0 | BH82: 0 | BI82: 0 | BJ82: 0 | BK82: 0 | BL82: 0 | BM82: 0 | BN82: 0 | BO82: 0 | BP82: 0 | BQ82: 0 | BR82: 0 | BS82: 0 | BT82: 0 | BU82: 0 | BV82: 0 | BW82: 0 | BX82: 0 | BY82: 0 | BZ82: 0 | CA82: 13.3 | CB82: 0 | CC82: 0
A83: 흑설탕 | B83: 0 | C83: 0 | D83: 0 | E83: 0 | F83: 0 | G83: 0 | H83: 0 | I83: 0 | J83: 0 | K83: 0 | L83: 0 | M83: 0 | N83: 0 | O83: 0 | P83: 0 | Q83: 0 | R83: 0 | S83: 0 | T83: 0 | U83: 0 | V83: 0 | W83: 0 | X83: 0 | Y83: 0 | Z83: 0 | AA83: 0 | AB83: 0 | AC83: 0 | AD83: 0 | AE83: 0 | AF83: 0 | AG83: 0 | AH83: 7.9 | AI83: 0 | AJ83: 0 | AK83: 0 | AL83: 0 | AM83: 0 | AN83: 0 | AO83: 0 | AP83: 0 | AQ83: 0 | AR83: 0 | AS83: 0 | AT83: 0 | AU83: 0 | AV83: 0 | AW83: 0 | AX83: 0 | AY83: 0 | BA83: 0 | BB83: 0 | BC83: 0 | BD83: 0 | BE83: 0 | BF83: 0 | BG83: 0 | BH83: 0 | BI83: 0 | BJ83: 0 | BK83: 0 | BL83: 0 | BM83: 0 | BN83: 0 | BO83: 0 | BP83: 0 | BQ83: 0 | BR83: 0 | BS83: 0 | BT83: 0 | BU83: 0 | BV83: 0 | BW83: 2 | BX83: 0 | BY83: 0 | BZ83: 0 | CA83: 0 | CB83: 0 | CC83: 0

Sheet 📦 일일 생산 입력
A1: 📦 일일 생산 실적 입력 — 원료 사용량 자동 계산 (500행 확장판)
A2: ⚡ 노란색 칸(날짜·제품명·생산량)을 입력하면 80개 원재료 사용량이 자동 계산됩니다. 최대 500건 입력 가능.
A3: No | B3: 생산일자 | C3: 제 품 명 | D3: 생산량 (kg) | E3: LOT번호 | F3: 작업자 | G3: 원료별 사용량 (kg) — 자동 계산 [80개 원재료] | CJ3: 원재료 원가(원) | CL3: YYYYMM
G4: 간장 | H4: 강낭콩((울타리콩)) | I4: 건조딸기다이스(외국산) | J4: 건포도 | K4: 건호박채(중국산) | L4: 검정깨(흑임자) | M4: 검정콩 | N4: 계피가루 | O4: 고구마가루 | P4: 고구마무스 | Q4: 고려엉겅퀴((곤드레)국내산) | R4: 기타가공품(복분자가루) | S4: 기타가공품(슈퍼소프트엠) | T4: 기타가공품(파인소프트 E-티) | U4: 기타가공품(프리미엄카스테라가루) | V4: 기타가공품(흑임자가루) | W4: 기타설탕(흑설탕) | X4: 냉동쑥(국내산) | Y4: 냉동증숙고구마(중국산) | Z4: 녹차가루 | AA4: 다크초콜릿 컴파운드칩 | AB4: 단호박분말(중국산) | AC4: 당류가공품(단호박농축액) | AD4: 당류가공품(알룰로스,에리스리톨,스테비올배당체혼합) | AE4: 당류가공품(알룰로스제로파우더) | AF4: 당절임(완두배기) | AG4: 대추농축액 | AH4: 대추채(국내산) | AI4: 동부(미얀마산) | AJ4: 두류가공품(백옥앙금) | AK4: 두류가공품(콩고물) | AL4: 두류가공품(통팥고물) | AM4: 딸기레진 | AN4: 딸기분말(스트로우베리에이드(분말)) | AO4: 마스카포네치즈 | AP4: 마카다미아분태(호주산) | AQ4: 멥쌀(국내산) | AR4: 모시잎(국내산) | AS4: 물엿(저당물엿) | AT4: 밤다이스 | AU4: 변성전분(타피오카전분) | AV4: 복음땅콩분태 | AW4: 사양벌꿀(국내산) | AX4: 생크림 | AY4: 서양호박(국내산,뉴질랜드산) | AZ4: 설탕 | BA4: 스트로우베리 에이드 후레쉬 | BB4: 식물성기름혼합제제(분홍) | BC4: 식물성기름혼합제제(초록) | BD4: 식물성기름혼합제제(황색) | BE4: 쑥가루(국내산) | BF4: 아몬드슬라이스 | BG4: 알룰로오스(국내산) | BH4: 연유 | BI4: 옥수수전분 | BJ4: 완두배기 | BK4: 우유(국내산) | BL4: 자색고구마가루(중국산) | BM4: 자연치즈(체다치즈) | BN4: 정제수 | BO4: 젤라틴 | BP4: 조림류(백옥앙금) | BQ4: 조림류(통팥앙금) | BR4: 준초콜릿(외국산) | BS4: 중력분 | BT4: 참깨(인도산,나이지리아산,탄자니아산,미얀마산) | BU4: 찹쌀(국내산) | BV4: 천일염 | BW4: 치즈 [크림치즈] | BX4: 코코아가공품류(코코아분말) | BY4: 콩기름(대두유) | BZ4: 해바라기씨앗 | CA4: 현미(국내산) | CB4: 현미멥쌀(국내산) | CC4: 호두분태(미국산) | CD4: 호박씨앗(외국산) | CE4: 혼합제제(떡용에스텔) | CF4: 혼합제제(스테비아) | CG4: 화이트초콜릿 | CH4: 흑미찹쌀(국내산) | CI4: 찰옥수수전분(미국산) | CL4: (보조)
A5: 1 | B5: 45940 | C5: 콩고물쑥떡 | D5: 210 | G5: =IFERROR(IF($C5="","",IF($D5="","",IFERROR(ROUND($D5*INDEX('🔖 배합비 참조'!$B$2:$CE$83,MATCH("간장",'🔖 배합비 참조'!$A$2:$A$83,0),MATCH($C5,'🔖 배합비 참조'!$B$1:$CE$1,0))/100,0),""))),"") -> 0 | H5: =IFERROR(IF($C5="","",IF($D5="","",IFERROR(ROUND($D5*INDEX('🔖 배합비 참조'!$B$2:$CE$83,MATCH("강낭콩((울타리콩))",'🔖 배합비 참조'!$A$2:$A$83,0),MATCH($C5,'🔖 배합비 참조'!$B$1:$CE$1,0))/100,0),""))),"") -> 0 | I5: =IFERROR(IF($C5="","",IF($D5="","",IFERROR(ROUND($D5*INDEX('🔖 배합비 참조'!$B$2:$CE$83,MATCH("건조딸기다이스(외국산)",'🔖 배합비 참조'!$A$2:$A$83,0),MATCH($C5,'🔖 배합비 참조'!$B$1:$CE$1,0))/100,0),""))),"") -> 0 | J5: =IFERROR(IF($C5="","",IF($D5="","",IFERROR(ROUND($D5*INDEX('🔖 배합비 참조'!$B$2:$CE$83,MATCH("건포도",'🔖 배합비 참조'!$A$2:$A$83,0),MATCH($C5,'🔖 배합비 참조'!$B$1:$CE$1,0))/100,0),""))),"") -> 0 | K5: =IFERROR(IF($C5="","",IF($D5="","",IFERROR(ROUND($D5*INDEX('🔖 배합비 참조'!$B$2:$CE$83,MATCH("건호박채(중국산)",'🔖 배합비 참조'!$A$2:$A$83,0),MATCH($C5,'🔖 배합비 참조'!$B$1:$CE$1,0))/100,0),""))),"") -> 0 | L5: =IFERROR(IF($C5="","",IF($D5="","",IFERROR(ROUND($D5*INDEX('🔖 배합비 참조'!$B$2:$CE$83,MATCH("검정깨(흑임자)",'🔖 배합비 참조'!$A$2:$A$83,0),MATCH($C5,'🔖 배합비 참조'!$B$1:$CE$1,0))/100,0),""))),"") -> 0 | M5: =IFERROR(IF($C5="","",IF($D5="","",IFERROR(ROUND($D5*INDEX('🔖 배합비 참조'!$B$2:$CE$83,MATCH("검정콩",'🔖 배합비 참조'!$A$2:$A$83,0),MATCH($C5,'🔖 배합비 참조'!$B$1:$CE$1,0))/100,0),""))),"") -> 0 | N5: =IFERROR(IF($C5="","",IF($D5="","",IFERROR(ROUND($D5*INDEX('🔖 배합비 참조'!$B$2:$CE$83,MATCH("계피가루",'🔖 배합비 참조'!$A$2:$A$83,0),MATCH($C5,'🔖 배합비 참조'!$B$1:$CE$1,0))/100,0),""))),"") -> 0 | O5: =IFERROR(IF($C5="","",IF($D5="","",IFERROR(ROUND($D5*INDEX('🔖 배합비 참조'!$B$2:$CE$83,MATCH("고구마가루",'🔖 배합비 참조'!$A$2:$A$83,0),MATCH($C5,'🔖 배합비 참조'!$B$1:$CE$1,0))/100,0),""))),"") -> 0 | P5: =IFERROR(IF($C5="","",IF($D5="","",IFERROR(ROUND($D5*INDEX('🔖 배합비 참조'!$B$2:$CE$83,MATCH("고구마무스",'🔖 배합비 참조'!$A$2:$A$83,0),MATCH($C5,'🔖 배합비 참조'!$B$1:$CE$1,0))/100,0),""))),"") -> 0 | Q5: =IFERROR(IF($C5="","",IF($D5="","",IFERROR(ROUND($D5*INDEX('🔖 배합비 참조'!$B$2:$CE$83,MATCH("고려엉겅퀴((곤드레)국내산)",'🔖 배합비 참조'!$A$2:$A$83,0),MATCH($C5,'🔖 배합비 참조'!$B$1:$CE$1,0))/100,0),""))),"") -> 0 | R5: =IFERROR(IF($C5="","",IF($D5="","",IFERROR(ROUND($D5*INDEX('🔖 배합비 참조'!$B$2:$CE$83,MATCH("기타가공품(복분자가루)",'🔖 배합비 참조'!$A$2:$A$83,0),MATCH($C5,'🔖 배합비 참조'!$B$1:$CE$1,0))/100,0),""))),"") -> 0 | S5: =IFERROR(IF($C5="","",IF($D5="","",IFERROR(ROUND($D5*INDEX('🔖 배합비 참조'!$B$2:$CE$83,MATCH("기타가공품(슈퍼소프트엠)",'🔖 배합비 참조'!$A$2:$A$83,0),MATCH($C5,'🔖 배합비 참조'!$B$1:$CE$1,0))/100,0),""))),"") -> 0 | T5: =IFERROR(IF($C5="","",IF($D5="","",IFERROR(ROUND($D5*INDEX('🔖 배합비 참조'!$B$2:$CE$83,MATCH("기타가공품(파인소프트 E-티)",'🔖 배합비 참조'!$A$2:$A$83,0),MATCH($C5,'🔖 배합비 참조'!$B$1:$CE$1,0))/100,0),""))),"") -> 0 | U5: =IFERROR(IF($C5="","",IF($D5="","",IFERROR(ROUND($D5*INDEX('🔖 배합비 참조'!$B$2:$CE$83,MATCH("기타가공품(프리미엄카스테라가루)",'🔖 배합비 참조'!$A$2:$A$83,0),MATCH($C5,'🔖 배합비 참조'!$B$1:$CE$1,0))/100,0),""))),"") -> 0 | V5: =IFERROR(IF($C5="","",IF($D5="","",IFERROR(ROUND($D5*INDEX('🔖 배합비 참조'!$B$2:$CE$83,MATCH("기타가공품(흑임자가루)",'🔖 배합비 참조'!$A$2:$A$83,0),MATCH($C5,'🔖 배합비 참조'!$B$1:$CE$1,0))/100,0),""))),"") -> 0 | W5: =IFERROR(IF($C5="","",IF($D5="","",IFERROR(ROUND($D5*INDEX('🔖 배합비 참조'!$B$2:$CE$83,MATCH("기타설탕(흑설탕)",'🔖 배합비 참조'!$A$2:$A$83,0),MATCH($C5,'🔖 배합비 참조'!$B$1:$CE$1,0))/100,0),""))),"") -> 0 | X5: =IFERROR(IF($C5="","",IF($D5="","",IFERROR(ROUND($D5*INDEX('🔖 배합비 참조'!$B$2:$CE$83,MATCH("냉동쑥(국내산)",'🔖 배합비 참조'!$A$2:$A$83,0),MATCH($C5,'🔖 배합비 참조'!$B$1:$CE$1,0))/100,0),""))),"") -> 7 | Y5: =IFERROR(IF($C5="","",IF($D5="","",IFERROR(ROUND($D5*INDEX('🔖 배합비 참조'!$B$2:$CE$83,MATCH("냉동증숙고구마(중국산)",'🔖 배합비 참조'!$A$2:$A$83,0),MATCH($C5,'🔖 배합비 참조'!$B$1:$CE$1,0))/100,0),""))),"") -> 0 | Z5: =IFERROR(IF($C5="","",IF($D5="","",IFERROR(ROUND($D5*INDEX('🔖 배합비 참조'!$B$2:$CE$83,MATCH("녹차가루",'🔖 배합비 참조'!$A$2:$A$83,0),MATCH($C5,'🔖 배합비 참조'!$B$1:$CE$1,0))/100,0),""))),"") -> 0 | AA5: =IFERROR(IF($C5="","",IF($D5="","",IFERROR(ROUND($D5*INDEX('🔖 배합비 참조'!$B$2:$CE$83,MATCH("다크초콜릿 컴파운드칩",'🔖 배합비 참조'!$A$2:$A$83,0),MATCH($C5,'🔖 배합비 참조'!$B$1:$CE$1,0))/100,0),""))),"") -> 0 | AB5: =IFERROR(IF($C5="","",IF($D5="","",IFERROR(ROUND($D5*INDEX('🔖 배합비 참조'!$B$2:$CE$83,MATCH("단호박분말(중국산)",'🔖 배합비 참조'!$A$2:$A$83,0),MATCH($C5,'🔖 배합비 참조'!$B$1:$CE$1,0))/100,0),""))),"") -> 0 | AC5: =IFERROR(IF($C5="","",IF($D5="","",IFERROR(ROUND($D5*INDEX('🔖 배합비 참조'!$B$2:$CE$83,MATCH("당류가공품(단호박농축액)",'🔖 배합비 참조'!$A$2:$A$83,0),MATCH($C5,'🔖 배합비 참조'!$B$1:$CE$1,0))/100,0),""))),"") -> 0 | AD5: =IFERROR(IF($C5="","",IF($D5="","",IFERROR(ROUND($D5*INDEX('🔖 배합비 참조'!$B$2:$CE$83,MATCH("당류가공품(알룰로스,에리스리톨,스테비올배당체혼합)",'🔖 배합비 참조'!$A$2:$A$83,0),MATCH($C5,'🔖 배합비 참조'!$B$1:$CE$1,0))/100,0),""))),"") -> 0 | AE5: =IFERROR(IF($C5="","",IF($D5="","",IFERROR(ROUND($D5*INDEX('🔖 배합비 참조'!$B$2:$CE$83,MATCH("당류가공품(알룰로스제로파우더)",'🔖 배합비 참조'!$A$2:$A$83,0),MATCH($C5,'🔖 배합비 참조'!$B$1:$CE$1,0))/100,0),""))),"") -> 0 | AF5: =IFERROR(IF($C5="","",IF($D5="","",IFERROR(ROUND($D5*INDEX('🔖 배합비 참조'!$B$2:$CE$83,MATCH("당절임(완두배기)",'🔖 배합비 참조'!$A$2:$A$83,0),MATCH($C5,'🔖 배합비 참조'!$B$1:$CE$1,0))/100,0),""))),"") -> 0 | AG5: =IFERROR(IF($C5="","",IF($D5="","",IFERROR(ROUND($D5*INDEX('🔖 배합비 참조'!$B$2:$CE$83,MATCH("대추농축액",'🔖 배합비 참조'!$A$2:$A$83,0),MATCH($C5,'🔖 배합비 참조'!$B$1:$CE$1,0))/100,0),""))),"") -> 0 | AH5: =IFERROR(IF($C5="","",IF($D5="","",IFERROR(ROUND($D5*INDEX('🔖 배합비 참조'!$B$2:$CE$83,MATCH("대추채(국내산)",'🔖 배합비 참조'!$A$2:$A$83,0),MATCH($C5,'🔖 배합비 참조'!$B$1:$CE$1,0))/100,0),""))),"") -> 0 | AI5: =IFERROR(IF($C5="","",IF($D5="","",IFERROR(ROUND($D5*INDEX('🔖 배합비 참조'!$B$2:$CE$83,MATCH("동부(미얀마산)",'🔖 배합비 참조'!$A$2:$A$83,0),MATCH($C5,'🔖 배합비 참조'!$B$1:$CE$1,0))/100,0),""))),"") -> 0 | AJ5: =IFERROR(IF($C5="","",IF($D5="","",IFERROR(ROUND($D5*INDEX('🔖 배합비 참조'!$B$2:$CE$83,MATCH("두류가공품(백옥앙금)",'🔖 배합비 참조'!$A$2:$A$83,0),MATCH($C5,'🔖 배합비 참조'!$B$1:$CE$1,0))/100,0),""))),"") -> 0 | AK5: =IFERROR(IF($C5="","",IF($D5="","",IFERROR(ROUND($D5*INDEX('🔖 배합비 참조'!$B$2:$CE$83,MATCH("두류가공품(콩고물)",'🔖 배합비 참조'!$A$2:$A$83,0),MATCH($C5,'🔖 배합비 참조'!$B$1:$CE$1,0))/100,0),""))),"") -> 6 | AL5: =IFERROR(IF($C5="","",IF($D5="","",IFERROR(ROUND($D5*INDEX('🔖 배합비 참조'!$B$2:$CE$83,MATCH("두류가공품(통팥고물)",'🔖 배합비 참조'!$A$2:$A$83,0),MATCH($C5,'🔖 배합비 참조'!$B$1:$CE$1,0))/100,0),""))),"") -> 0 | AM5: =IFERROR(IF($C5="","",IF($D5="","",IFERROR(ROUND($D5*INDEX('🔖 배합비 참조'!$B$2:$CE$83,MATCH("딸기레진",'🔖 배합비 참조'!$A$2:$A$83,0),MATCH($C5,'🔖 배합비 참조'!$B$1:$CE$1,0))/100,0),""))),"") -> 0 | AN5: =IFERROR(IF($C5="","",IF($D5="","",IFERROR(ROUND($D5*INDEX('🔖 배합비 참조'!$B$2:$CE$83,MATCH("딸기분말(스트로우베리에이드(분말))",'🔖 배합비 참조'!$A$2:$A$83,0),MATCH($C5,'🔖 배합비 참조'!$B$1:$CE$1,0))/100,0),""))),"") -> 0 | AO5: =IFERROR(IF($C5="","",IF($D5="","",IFERROR(ROUND($D5*INDEX('🔖 배합비 참조'!$B$2:$CE$83,MATCH("마스카포네치즈",'🔖 배합비 참조'!$A$2:$A$83,0),MATCH($C5,'🔖 배합비 참조'!$B$1:$CE$1,0))/100,0),""))),"") -> 0 | AP5: =IFERROR(IF($C5="","",IF($D5="","",IFERROR(ROUND($D5*INDEX('🔖 배합비 참조'!$B$2:$CE$83,MATCH("마카다미아분태(호주산)",'🔖 배합비 참조'!$A$2:$A$83,0),MATCH($C5,'🔖 배합비 참조'!$B$1:$CE$1,0))/100,0),""))),"") -> 0 | AQ5: =IFERROR(IF($C5="","",IF($D5="","",IFERROR(ROUND($D5*INDEX('🔖 배합비 참조'!$B$2:$CE$83,MATCH("멥쌀(국내산)",'🔖 배합비 참조'!$A$2:$A$83,0),MATCH($C5,'🔖 배합비 참조'!$B$1:$CE$1,0))/100,0),""))),"") -> 0 | AR5: =IFERROR(IF($C5="","",IF($D5="","",IFERROR(ROUND($D5*INDEX('🔖 배합비 참조'!$B$2:$CE$83,MATCH("모시잎(국내산)",'🔖 배합비 참조'!$A$2:$A$83,0),MATCH($C5,'🔖 배합비 참조'!$B$1:$CE$1,0))/100,0),""))),"") -> 0 | AS5: =IFERROR(IF($C5="","",IF($D5="","",IFERROR(ROUND($D5*INDEX('🔖 배합비 참조'!$B$2:$CE$83,MATCH("물엿(저당물엿)",'🔖 배합비 참조'!$A$2:$A$83,0),MATCH($C5,'🔖 배합비 참조'!$B$1:$CE$1,0))/100,0),""))),"") -> 5 | AT5: =IFERROR(IF($C5="","",IF($D5="","",IFERROR(ROUND($D5*INDEX('🔖 배합비 참조'!$B$2:$CE$83,MATCH("밤다이스",'🔖 배합비 참조'!$A$2:$A$83,0),MATCH($C5,'🔖 배합비 참조'!$B$1:$CE$1,0))/100,0),""))),"") -> 0 | AU5: =IFERROR(IF($C5="","",IF($D5="","",IFERROR(ROUND($D5*INDEX('🔖 배합비 참조'!$B$2:$CE$83,MATCH("변성전분(타피오카전분)",'🔖 배합비 참조'!$A$2:$A$83,0),MATCH($C5,'🔖 배합비 참조'!$B$1:$CE$1,0))/100,0),""))),"") -> 0 | AV5: =IFERROR(IF($C5="","",IF($D5="","",IFERROR(ROUND($D5*INDEX('🔖 배합비 참조'!$B$2:$CE$83,MATCH("복음땅콩분태",'🔖 배합비 참조'!$A$2:$A$83,0),MATCH($C5,'🔖 배합비 참조'!$B$1:$CE$1,0))/100,0),""))),"") -> 0 | AW5: =IFERROR(IF($C5="","",IF($D5="","",IFERROR(ROUND($D5*INDEX('🔖 배합비 참조'!$B$2:$CE$83,MATCH("사양벌꿀(국내산)",'🔖 배합비 참조'!$A$2:$A$83,0),MATCH($C5,'🔖 배합비 참조'!$B$1:$CE$1,0))/100,0),""))),"") -> 0 | AX5: =IFERROR(IF($C5="","",IF($D5="","",IFERROR(ROUND($D5*INDEX('🔖 배합비 참조'!$B$2:$CE$83,MATCH("생크림",'🔖 배합비 참조'!$A$2:$A$83,0),MATCH($C5,'🔖 배합비 참조'!$B$1:$CE$1,0))/100,0),""))),"") -> 0 | AY5: =IFERROR(IF($C5="","",IF($D5="","",IFERROR(ROUND($D5*INDEX('🔖 배합비 참조'!$B$2:$CE$83,MATCH("서양호박(국내산,뉴질랜드산)",'🔖 배합비 참조'!$A$2:$A$83,0),MATCH($C5,'🔖 배합비 참조'!$B$1:$CE$1,0))/100,0),""))),"") -> 0 | AZ5: =IFERROR(IF($C5="","",IF($D5="","",IFERROR(ROUND($D5*INDEX('🔖 배합비 참조'!$B$2:$CE$83,MATCH("설탕",'🔖 배합비 참조'!$A$2:$A$83,0),MATCH($C5,'🔖 배합비 참조'!$B$1:$CE$1,0))/100,0),""))),"") -> 5 | BA5: =IFERROR(IF($C5="","",IF($D5="","",IFERROR(ROUND($D5*INDEX('🔖 배합비 참조'!$B$2:$CE$83,MATCH("스트로우베리 에이드 후레쉬",'🔖 배합비 참조'!$A$2:$A$83,0),MATCH($C5,'🔖 배합비 참조'!$B$1:$CE$1,0))/100,0),""))),"") -> 0 | BB5: =IFERROR(IF($C5="","",IF($D5="","",IFERROR(ROUND($D5*INDEX('🔖 배합비 참조'!$B$2:$CE$83,MATCH("식물성기름혼합제제(분홍)",'🔖 배합비 참조'!$A$2:$A$83,0),MATCH($C5,'🔖 배합비 참조'!$B$1:$CE$1,0))/100,0),""))),"") -> 0 | BC5: =IFERROR(IF($C5="","",IF($D5="","",IFERROR(ROUND($D5*INDEX('🔖 배합비 참조'!$B$2:$CE$83,MATCH("식물성기름혼합제제(초록)",'🔖 배합비 참조'!$A$2:$A$83,0),MATCH($C5,'🔖 배합비 참조'!$B$1:$CE$1,0))/100,0),""))),"") -> 0 | BD5: =IFERROR(IF($C5="","",IF($D5="","",IFERROR(ROUND($D5*INDEX('🔖 배합비 참조'!$B$2:$CE$83,MATCH("식물성기름혼합제제(황색)",'🔖 배합비 참조'!$A$2:$A$83,0),MATCH($C5,'🔖 배합비 참조'!$B$1:$CE$1,0))/100,0),""))),"") -> 0 | BE5: =IFERROR(IF($C5="","",IF($D5="","",IFERROR(ROUND($D5*INDEX('🔖 배합비 참조'!$B$2:$CE$83,MATCH("쑥가루(국내산)",'🔖 배합비 참조'!$A$2:$A$83,0),MATCH($C5,'🔖 배합비 참조'!$B$1:$CE$1,0))/100,0),""))),"") -> 2 | BF5: =IFERROR(IF($C5="","",IF($D5="","",IFERROR(ROUND($D5*INDEX('🔖 배합비 참조'!$B$2:$CE$83,MATCH("아몬드슬라이스",'🔖 배합비 참조'!$A$2:$A$83,0),MATCH($C5,'🔖 배합비 참조'!$B$1:$CE$1,0))/100,0),""))),"") -> 0 | BG5: =IFERROR(IF($C5="","",IF($D5="","",IFERROR(ROUND($D5*INDEX('🔖 배합비 참조'!$B$2:$CE$83,MATCH("알룰로오스(국내산)",'🔖 배합비 참조'!$A$2:$A$83,0),MATCH($C5,'🔖 배합비 참조'!$B$1:$CE$1,0))/100,0),""))),"") -> 0 | BH5: =IFERROR(IF($C5="","",IF($D5="","",IFERROR(ROUND($D5*INDEX('🔖 배합비 참조'!$B$2:$CE$83,MATCH("연유",'🔖 배합비 참조'!$A$2:$A$83,0),MATCH($C5,'🔖 배합비 참조'!$B$1:$CE$1,0))/100,0),""))),"") -> 0 | BI5: =IFERROR(IF($C5="","",IF($D5="","",IFERROR(ROUND($D5*INDEX('🔖 배합비 참조'!$B$2:$CE$83,MATCH("옥수수전분",'🔖 배합비 참조'!$A$2:$A$83,0),MATCH($C5,'🔖 배합비 참조'!$B$1:$CE$1,0))/100,0),""))),"") -> 0 | BJ5: =IFERROR(IF($C5="","",IF($D5="","",IFERROR(ROUND($D5*INDEX('🔖 배합비 참조'!$B$2:$CE$83,MATCH("완두배기",'🔖 배합비 참조'!$A$2:$A$83,0),MATCH($C5,'🔖 배합비 참조'!$B$1:$CE$1,0))/100,0),""))),"") -> 0 | BK5: =IFERROR(IF($C5="","",IF($D5="","",IFERROR(ROUND($D5*INDEX('🔖 배합비 참조'!$B$2:$CE$83,MATCH("우유(국내산)",'🔖 배합비 참조'!$A$2:$A$83,0),MATCH($C5,'🔖 배합비 참조'!$B$1:$CE$1,0))/100,0),""))),"") -> 0 | BL5: =IFERROR(IF($C5="","",IF($D5="","",IFERROR(ROUND($D5*INDEX('🔖 배합비 참조'!$B$2:$CE$83,MATCH("자색고구마가루(중국산)",'🔖 배합비 참조'!$A$2:$A$83,0),MATCH($C5,'🔖 배합비 참조'!$B$1:$CE$1,0))/100,0),""))),"") -> 0 | BM5: =IFERROR(IF($C5="","",IF($D5="","",IFERROR(ROUND($D5*INDEX('🔖 배합비 참조'!$B$2:$CE$83,MATCH("자연치즈(체다치즈)",'🔖 배합비 참조'!$A$2:$A$83,0),MATCH($C5,'🔖 배합비 참조'!$B$1:$CE$1,0))/100,0),""))),"") -> 0 | BN5: =IFERROR(IF($C5="","",IF($D5="","",IFERROR(ROUND($D5*INDEX('🔖 배합비 참조'!$B$2:$CE$83,MATCH("정제수",'🔖 배합비 참조'!$A$2:$A$83,0),MATCH($C5,'🔖 배합비 참조'!$B$1:$CE$1,0))/100,0),""))),"") -> 0 | BO5: =IFERROR(IF($C5="","",IF($D5="","",IFERROR(ROUND($D5*INDEX('🔖 배합비 참조'!$B$2:$CE$83,MATCH("젤라틴",'🔖 배합비 참조'!$A$2:$A$83,0),MATCH($C5,'🔖 배합비 참조'!$B$1:$CE$1,0))/100,0),""))),"") -> 0 | BP5: =IFERROR(IF($C5="","",IF($D5="","",IFERROR(ROUND($D5*INDEX('🔖 배합비 참조'!$B$2:$CE$83,MATCH("조림류(백옥앙금)",'🔖 배합비 참조'!$A$2:$A$83,0),MATCH($C5,'🔖 배합비 참조'!$B$1:$CE$1,0))/100,0),""))),"") -> 0 | BQ5: =IFERROR(IF($C5="","",IF($D5="","",IFERROR(ROUND($D5*INDEX('🔖 배합비 참조'!$B$2:$CE$83,MATCH("조림류(통팥앙금)",'🔖 배합비 참조'!$A$2:$A$83,0),MATCH($C5,'🔖 배합비 참조'!$B$1:$CE$1,0))/100,0),""))),"") -> 87 | BR5: =IFERROR(IF($C5="","",IF($D5="","",IFERROR(ROUND($D5*INDEX('🔖 배합비 참조'!$B$2:$CE$83,MATCH("준초콜릿(외국산)",'🔖 배합비 참조'!$A$2:$A$83,0),MATCH($C5,'🔖 배합비 참조'!$B$1:$CE$1,0))/100,0),""))),"") -> 0 | BS5: =IFERROR(IF($C5="","",IF($D5="","",IFERROR(ROUND($D5*INDEX('🔖 배합비 참조'!$B$2:$CE$83,MATCH("중력분",'🔖 배합비 참조'!$A$2:$A$83,0),MATCH($C5,'🔖 배합비 참조'!$B$1:$CE$1,0))/100,0),""))),"") -> 2 | BT5: =IFERROR(IF($C5="","",IF($D5="","",IFERROR(ROUND($D5*INDEX('🔖 배합비 참조'!$B$2:$CE$83,MATCH("참깨(인도산,나이지리아산,탄자니아산,미얀마산)",'🔖 배합비 참조'!$A$2:$A$83,0),MATCH($C5,'🔖 배합비 참조'!$B$1:$CE$1,0))/100,0),""))),"") -> 0 | BU5: =IFERROR(IF($C5="","",IF($D5="","",IFERROR(ROUND($D5*INDEX('🔖 배합비 참조'!$B$2:$CE$83,MATCH("찹쌀(국내산)",'🔖 배합비 참조'!$A$2:$A$83,0),MATCH($C5,'🔖 배합비 참조'!$B$1:$CE$1,0))/100,0),""))),"") -> 93 | BV5: =IFERROR(IF($C5="","",IF($D5="","",IFERROR(ROUND($D5*INDEX('🔖 배합비 참조'!$B$2:$CE$83,MATCH("천일염",'🔖 배합비 참조'!$A$2:$A$83,0),MATCH($C5,'🔖 배합비 참조'!$B$1:$CE$1,0))/100,0),""))),"") -> 2 | BW5: =IFERROR(IF($C5="","",IF($D5="","",IFERROR(ROUND($D5*INDEX('🔖 배합비 참조'!$B$2:$CE$83,MATCH("치즈 [크림치즈]",'🔖 배합비 참조'!$A$2:$A$83,0),MATCH($C5,'🔖 배합비 참조'!$B$1:$CE$1,0))/100,0),""))),"") -> 0 | BX5: =IFERROR(IF($C5="","",IF($D5="","",IFERROR(ROUND($D5*INDEX('🔖 배합비 참조'!$B$2:$CE$83,MATCH("코코아가공품류(코코아분말)",'🔖 배합비 참조'!$A$2:$A$83,0),MATCH($C5,'🔖 배합비 참조'!$B$1:$CE$1,0))/100,0),""))),"") -> 0 | BY5: =IFERROR(IF($C5="","",IF($D5="","",IFERROR(ROUND($D5*INDEX('🔖 배합비 참조'!$B$2:$CE$83,MATCH("콩기름(대두유)",'🔖 배합비 참조'!$A$2:$A$83,0),MATCH($C5,'🔖 배합비 참조'!$B$1:$CE$1,0))/100,0),""))),"") -> 0 | BZ5: =IFERROR(IF($C5="","",IF($D5="","",IFERROR(ROUND($D5*INDEX('🔖 배합비 참조'!$B$2:$CE$83,MATCH("해바라기씨앗",'🔖 배합비 참조'!$A$2:$A$83,0),MATCH($C5,'🔖 배합비 참조'!$B$1:$CE$1,0))/100,0),""))),"") -> 0 | CA5: =IFERROR(IF($C5="","",IF($D5="","",IFERROR(ROUND($D5*INDEX('🔖 배합비 참조'!$B$2:$CE$83,MATCH("현미(국내산)",'🔖 배합비 참조'!$A$2:$A$83,0),MATCH($C5,'🔖 배합비 참조'!$B$1:$CE$1,0))/100,0),""))),"") -> 0 | CB5: =IFERROR(IF($C5="","",IF($D5="","",IFERROR(ROUND($D5*INDEX('🔖 배합비 참조'!$B$2:$CE$83,MATCH("현미멥쌀(국내산)",'🔖 배합비 참조'!$A$2:$A$83,0),MATCH($C5,'🔖 배합비 참조'!$B$1:$CE$1,0))/100,0),""))),"") -> 0 | CC5: =IFERROR(IF($C5="","",IF($D5="","",IFERROR(ROUND($D5*INDEX('🔖 배합비 참조'!$B$2:$CE$83,MATCH("호두분태(미국산)",'🔖 배합비 참조'!$A$2:$A$83,0),MATCH($C5,'🔖 배합비 참조'!$B$1:$CE$1,0))/100,0),""))),"") -> 0 | CD5: =IFERROR(IF($C5="","",IF($D5="","",IFERROR(ROUND($D5*INDEX('🔖 배합비 참조'!$B$2:$CE$83,MATCH("호박씨앗(외국산)",'🔖 배합비 참조'!$A$2:$A$83,0),MATCH($C5,'🔖 배합비 참조'!$B$1:$CE$1,0))/100,0),""))),"") -> 0 | CE5: =IFERROR(IF($C5="","",IF($D5="","",IFERROR(ROUND($D5*INDEX('🔖 배합비 참조'!$B$2:$CE$83,MATCH("혼합제제(떡용에스텔)",'🔖 배합비 참조'!$A$2:$A$83,0),MATCH($C5,'🔖 배합비 참조'!$B$1:$CE$1,0))/100,0),""))),"") -> 1 | CF5: =IFERROR(IF($C5="","",IF($D5="","",IFERROR(ROUND($D5*INDEX('🔖 배합비 참조'!$B$2:$CE$83,MATCH("혼합제제(스테비아)",'🔖 배합비 참조'!$A$2:$A$83,0),MATCH($C5,'🔖 배합비 참조'!$B$1:$CE$1,0))/100,0),""))),"") -> 0 | CG5: =IFERROR(IF($C5="","",IF($D5="","",IFERROR(ROUND($D5*INDEX('🔖 배합비 참조'!$B$2:$CE$83,MATCH("화이트초콜릿",'🔖 배합비 참조'!$A$2:$A$83,0),MATCH($C5,'🔖 배합비 참조'!$B$1:$CE$1,0))/100,0),""))),"") -> 0 | CH5: =IFERROR(IF($C5="","",IF($D5="","",IFERROR(ROUND($D5*INDEX('🔖 배합비 참조'!$B$2:$CE$83,MATCH("흑미찹쌀(국내산)",'🔖 배합비 참조'!$A$2:$A$83,0),MATCH($C5,'🔖 배합비 참조'!$B$1:$CE$1,0))/100,0),""))),"") -> 0 | CI5: =IFERROR(IF($C5="","",IF($D5="","",IFERROR(ROUND($D5*INDEX('🔖 배합비 참조'!$B$2:$CE$83,MATCH("찰옥수수전분(미국산)",'🔖 배합비 참조'!$A$2:$A$83,0),MATCH($C5,'🔖 배합비 참조'!$B$1:$CE$1,0))/100,0),""))),"") -> 0 | CL5: 2025-10
A6: 2 | B6: 45940 | C6: 콩고물쑥떡(동부) | D6: 140 | G6: =IFERROR(IF($C6="","",IF($D6="","",IFERROR(ROUND($D6*INDEX('🔖 배합비 참조'!$B$2:$CE$83,MATCH("간장",'🔖 배합비 참조'!$A$2:$A$83,0),MATCH($C6,'🔖 배합비 참조'!$B$1:$CE$1,0))/100,0),""))),"") -> 0 | H6: =IFERROR(IF($C6="","",IF($D6="","",IFERROR(ROUND($D6*INDEX('🔖 배합비 참조'!$B$2:$CE$83,MATCH("강낭콩((울타리콩))",'🔖 배합비 참조'!$A$2:$A$83,0),MATCH($C6,'🔖 배합비 참조'!$B$1:$CE$1,0))/100,0),""))),"") -> 0 | I6: =IFERROR(IF($C6="","",IF($D6="","",IFERROR(ROUND($D6*INDEX('🔖 배합비 참조'!$B$2:$CE$83,MATCH("건조딸기다이스(외국산)",'🔖 배합비 참조'!$A$2:$A$83,0),MATCH($C6,'🔖 배합비 참조'!$B$1:$CE$1,0))/100,0),""))),"") -> 0 | J6: =IFERROR(IF($C6="","",IF($D6="","",IFERROR(ROUND($D6*INDEX('🔖 배합비 참조'!$B$2:$CE$83,MATCH("건포도",'🔖 배합비 참조'!$A$2:$A$83,0),MATCH($C6,'🔖 배합비 참조'!$B$1:$CE$1,0))/100,0),""))),"") -> 0 | K6: =IFERROR(IF($C6="","",IF($D6="","",IFERROR(ROUND($D6*INDEX('🔖 배합비 참조'!$B$2:$CE$83,MATCH("건호박채(중국산)",'🔖 배합비 참조'!$A$2:$A$83,0),MATCH($C6,'🔖 배합비 참조'!$B$1:$CE$1,0))/100,0),""))),"") -> 0 | L6: =IFERROR(IF($C6="","",IF($D6="","",IFERROR(ROUND($D6*INDEX('🔖 배합비 참조'!$B$2:$CE$83,MATCH("검정깨(흑임자)",'🔖 배합비 참조'!$A$2:$A$83,0),MATCH($C6,'🔖 배합비 참조'!$B$1:$CE$1,0))/100,0),""))),"") -> 0 | M6: =IFERROR(IF($C6="","",IF($D6="","",IFERROR(ROUND($D6*INDEX('🔖 배합비 참조'!$B$2:$CE$83,MATCH("검정콩",'🔖 배합비 참조'!$A$2:$A$83,0),MATCH($C6,'🔖 배합비 참조'!$B$1:$CE$1,0))/100,0),""))),"") -> 0 | N6: =IFERROR(IF($C6="","",IF($D6="","",IFERROR(ROUND($D6*INDEX('🔖 배합비 참조'!$B$2:$CE$83,MATCH("계피가루",'🔖 배합비 참조'!$A$2:$A$83,0),MATCH($C6,'🔖 배합비 참조'!$B$1:$CE$1,0))/100,0),""))),"") -> 0 | O6: =IFERROR(IF($C6="","",IF($D6="","",IFERROR(ROUND($D6*INDEX('🔖 배합비 참조'!$B$2:$CE$83,MATCH("고구마가루",'🔖 배합비 참조'!$A$2:$A$83,0),MATCH($C6,'🔖 배합비 참조'!$B$1:$CE$1,0))/100,0),""))),"") -> 0 | P6: =IFERROR(IF($C6="","",IF($D6="","",IFERROR(ROUND($D6*INDEX('🔖 배합비 참조'!$B$2:$CE$83,MATCH("고구마무스",'🔖 배합비 참조'!$A$2:$A$83,0),MATCH($C6,'🔖 배합비 참조'!$B$1:$CE$1,0))/100,0),""))),"") -> 0 | Q6: =IFERROR(IF($C6="","",IF($D6="","",IFERROR(ROUND($D6*INDEX('🔖 배합비 참조'!$B$2:$CE$83,MATCH("고려엉겅퀴((곤드레)국내산)",'🔖 배합비 참조'!$A$2:$A$83,0),MATCH($C6,'🔖 배합비 참조'!$B$1:$CE$1,0))/100,0),""))),"") -> 0 | R6: =IFERROR(IF($C6="","",IF($D6="","",IFERROR(ROUND($D6*INDEX('🔖 배합비 참조'!$B$2:$CE$83,MATCH("기타가공품(복분자가루)",'🔖 배합비 참조'!$A$2:$A$83,0),MATCH($C6,'🔖 배합비 참조'!$B$1:$CE$1,0))/100,0),""))),"") -> 0 | S6: =IFERROR(IF($C6="","",IF($D6="","",IFERROR(ROUND($D6*INDEX('🔖 배합비 참조'!$B$2:$CE$83,MATCH("기타가공품(슈퍼소프트엠)",'🔖 배합비 참조'!$A$2:$A$83,0),MATCH($C6,'🔖 배합비 참조'!$B$1:$CE$1,0))/100,0),""))),"") -> 0 | T6: =IFERROR(IF($C6="","",IF($D6="","",IFERROR(ROUND($D6*INDEX('🔖 배합비 참조'!$B$2:$CE$83,MATCH("기타가공품(파인소프트 E-티)",'🔖 배합비 참조'!$A$2:$A$83,0),MATCH($C6,'🔖 배합비 참조'!$B$1:$CE$1,0))/100,0),""))),"") -> 0 | U6: =IFERROR(IF($C6="","",IF($D6="","",IFERROR(ROUND($D6*INDEX('🔖 배합비 참조'!$B$2:$CE$83,MATCH("기타가공품(프리미엄카스테라가루)",'🔖 배합비 참조'!$A$2:$A$83,0),MATCH($C6,'🔖 배합비 참조'!$B$1:$CE$1,0))/100,0),""))),"") -> 0 | V6: =IFERROR(IF($C6="","",IF($D6="","",IFERROR(ROUND($D6*INDEX('🔖 배합비 참조'!$B$2:$CE$83,MATCH("기타가공품(흑임자가루)",'🔖 배합비 참조'!$A$2:$A$83,0),MATCH($C6,'🔖 배합비 참조'!$B$1:$CE$1,0))/100,0),""))),"") -> 0 | W6: =IFERROR(IF($C6="","",IF($D6="","",IFERROR(ROUND($D6*INDEX('🔖 배합비 참조'!$B$2:$CE$83,MATCH("기타설탕(흑설탕)",'🔖 배합비 참조'!$A$2:$A$83,0),MATCH($C6,'🔖 배합비 참조'!$B$1:$CE$1,0))/100,0),""))),"") -> 0 | X6: =IFERROR(IF($C6="","",IF($D6="","",IFERROR(ROUND($D6*INDEX('🔖 배합비 참조'!$B$2:$CE$83,MATCH("냉동쑥(국내산)",'🔖 배합비 참조'!$A$2:$A$83,0),MATCH($C6,'🔖 배합비 참조'!$B$1:$CE$1,0))/100,0),""))),"") -> 3 | Y6: =IFERROR(IF($C6="","",IF($D6="","",IFERROR(ROUND($D6*INDEX('🔖 배합비 참조'!$B$2:$CE$83,MATCH("냉동증숙고구마(중국산)",'🔖 배합비 참조'!$A$2:$A$83,0),MATCH($C6,'🔖 배합비 참조'!$B$1:$CE$1,0))/100,0),""))),"") -> 0 | Z6: =IFERROR(IF($C6="","",IF($D6="","",IFERROR(ROUND($D6*INDEX('🔖 배합비 참조'!$B$2:$CE$83,MATCH("녹차가루",'🔖 배합비 참조'!$A$2:$A$83,0),MATCH($C6,'🔖 배합비 참조'!$B$1:$CE$1,0))/100,0),""))),"") -> 0 | AA6: =IFERROR(IF($C6="","",IF($D6="","",IFERROR(ROUND($D6*INDEX('🔖 배합비 참조'!$B$2:$CE$83,MATCH("다크초콜릿 컴파운드칩",'🔖 배합비 참조'!$A$2:$A$83,0),MATCH($C6,'🔖 배합비 참조'!$B$1:$CE$1,0))/100,0),""))),"") -> 0 | AB6: =IFERROR(IF($C6="","",IF($D6="","",IFERROR(ROUND($D6*INDEX('🔖 배합비 참조'!$B$2:$CE$83,MATCH("단호박분말(중국산)",'🔖 배합비 참조'!$A$2:$A$83,0),MATCH($C6,'🔖 배합비 참조'!$B$1:$CE$1,0))/100,0),""))),"") -> 0 | AC6: =IFERROR(IF($C6="","",IF($D6="","",IFERROR(ROUND($D6*INDEX('🔖 배합비 참조'!$B$2:$CE$83,MATCH("당류가공품(단호박농축액)",'🔖 배합비 참조'!$A$2:$A$83,0),MATCH($C6,'🔖 배합비 참조'!$B$1:$CE$1,0))/100,0),""))),"") -> 0 | AD6: =IFERROR(IF($C6="","",IF($D6="","",IFERROR(ROUND($D6*INDEX('🔖 배합비 참조'!$B$2:$CE$83,MATCH("당류가공품(알룰로스,에리스리톨,스테비올배당체혼합)",'🔖 배합비 참조'!$A$2:$A$83,0),MATCH($C6,'🔖 배합비 참조'!$B$1:$CE$1,0))/100,0),""))),"") -> 0 | AE6: =IFERROR(IF($C6="","",IF($D6="","",IFERROR(ROUND($D6*INDEX('🔖 배합비 참조'!$B$2:$CE$83,MATCH("당류가공품(알룰로스제로파우더)",'🔖 배합비 참조'!$A$2:$A$83,0),MATCH($C6,'🔖 배합비 참조'!$B$1:$CE$1,0))/100,0),""))),"") -> 0 | AF6: =IFERROR(IF($C6="","",IF($D6="","",IFERROR(ROUND($D6*INDEX('🔖 배합비 참조'!$B$2:$CE$83,MATCH("당절임(완두배기)",'🔖 배합비 참조'!$A$2:$A$83,0),MATCH($C6,'🔖 배합비 참조'!$B$1:$CE$1,0))/100,0),""))),"") -> 0 | AG6: =IFERROR(IF($C6="","",IF($D6="","",IFERROR(ROUND($D6*INDEX('🔖 배합비 참조'!$B$2:$CE$83,MATCH("대추농축액",'🔖 배합비 참조'!$A$2:$A$83,0),MATCH($C6,'🔖 배합비 참조'!$B$1:$CE$1,0))/100,0),""))),"") -> 0 | AH6: =IFERROR(IF($C6="","",IF($D6="","",IFERROR(ROUND($D6*INDEX('🔖 배합비 참조'!$B$2:$CE$83,MATCH("대추채(국내산)",'🔖 배합비 참조'!$A$2:$A$83,0),MATCH($C6,'🔖 배합비 참조'!$B$1:$CE$1,0))/100,0),""))),"") -> 0 | AI6: =IFERROR(IF($C6="","",IF($D6="","",IFERROR(ROUND($D6*INDEX('🔖 배합비 참조'!$B$2:$CE$83,MATCH("동부(미얀마산)",'🔖 배합비 참조'!$A$2:$A$83,0),MATCH($C6,'🔖 배합비 참조'!$B$1:$CE$1,0))/100,0),""))),"") -> 17 | AJ6: =IFERROR(IF($C6="","",IF($D6="","",IFERROR(ROUND($D6*INDEX('🔖 배합비 참조'!$B$2:$CE$83,MATCH("두류가공품(백옥앙금)",'🔖 배합비 참조'!$A$2:$A$83,0),MATCH($C6,'🔖 배합비 참조'!$B$1:$CE$1,0))/100,0),""))),"") -> 0 | AK6: =IFERROR(IF($C6="","",IF($D6="","",IFERROR(ROUND($D6*INDEX('🔖 배합비 참조'!$B$2:$CE$83,MATCH("두류가공품(콩고물)",'🔖 배합비 참조'!$A$2:$A$83,0),MATCH($C6,'🔖 배합비 참조'!$B$1:$CE$1,0))/100,0),""))),"") -> 4 | AL6: =IFERROR(IF($C6="","",IF($D6="","",IFERROR(ROUND($D6*INDEX('🔖 배합비 참조'!$B$2:$CE$83,MATCH("두류가공품(통팥고물)",'🔖 배합비 참조'!$A$2:$A$83,0),MATCH($C6,'🔖 배합비 참조'!$B$1:$CE$1,0))/100,0),""))),"") -> 0 | AM6: =IFERROR(IF($C6="","",IF($D6="","",IFERROR(ROUND($D6*INDEX('🔖 배합비 참조'!$B$2:$CE$83,MATCH("딸기레진",'🔖 배합비 참조'!$A$2:$A$83,0),MATCH($C6,'🔖 배합비 참조'!$B$1:$CE$1,0))/100,0),""))),"") -> 0 | AN6: =IFERROR(IF($C6="","",IF($D6="","",IFERROR(ROUND($D6*INDEX('🔖 배합비 참조'!$B$2:$CE$83,MATCH("딸기분말(스트로우베리에이드(분말))",'🔖 배합비 참조'!$A$2:$A$83,0),MATCH($C6,'🔖 배합비 참조'!$B$1:$CE$1,0))/100,0),""))),"") -> 0 | AO6: =IFERROR(IF($C6="","",IF($D6="","",IFERROR(ROUND($D6*INDEX('🔖 배합비 참조'!$B$2:$CE$83,MATCH("마스카포네치즈",'🔖 배합비 참조'!$A$2:$A$83,0),MATCH($C6,'🔖 배합비 참조'!$B$1:$CE$1,0))/100,0),""))),"") -> 0 | AP6: =IFERROR(IF($C6="","",IF($D6="","",IFERROR(ROUND($D6*INDEX('🔖 배합비 참조'!$B$2:$CE$83,MATCH("마카다미아분태(호주산)",'🔖 배합비 참조'!$A$2:$A$83,0),MATCH($C6,'🔖 배합비 참조'!$B$1:$CE$1,0))/100,0),""))),"") -> 0 | AQ6: =IFERROR(IF($C6="","",IF($D6="","",IFERROR(ROUND($D6*INDEX('🔖 배합비 참조'!$B$2:$CE$83,MATCH("멥쌀(국내산)",'🔖 배합비 참조'!$A$2:$A$83,0),MATCH($C6,'🔖 배합비 참조'!$B$1:$CE$1,0))/100,0),""))),"") -> 0 | AR6: =IFERROR(IF($C6="","",IF($D6="","",IFERROR(ROUND($D6*INDEX('🔖 배합비 참조'!$B$2:$CE$83,MATCH("모시잎(국내산)",'🔖 배합비 참조'!$A$2:$A$83,0),MATCH($C6,'🔖 배합비 참조'!$B$1:$CE$1,0))/100,0),""))),"") -> 0 | AS6: =IFERROR(IF($C6="","",IF($D6="","",IFERROR(ROUND($D6*INDEX('🔖 배합비 참조'!$B$2:$CE$83,MATCH("물엿(저당물엿)",'🔖 배합비 참조'!$A$2:$A$83,0),MATCH($C6,'🔖 배합비 참조'!$B$1:$CE$1,0))/100,0),""))),"") -> 3 | AT6: =IFERROR(IF($C6="","",IF($D6="","",IFERROR(ROUND($D6*INDEX('🔖 배합비 참조'!$B$2:$CE$83,MATCH("밤다이스",'🔖 배합비 참조'!$A$2:$A$83,0),MATCH($C6,'🔖 배합비 참조'!$B$1:$CE$1,0))/100,0),""))),"") -> 0 | AU6: =IFERROR(IF($C6="","",IF($D6="","",IFERROR(ROUND($D6*INDEX('🔖 배합비 참조'!$B$2:$CE$83,MATCH("변성전분(타피오카전분)",'🔖 배합비 참조'!$A$2:$A$83,0),MATCH($C6,'🔖 배합비 참조'!$B$1:$CE$1,0))/100,0),""))),"") -> 0 | AV6: =IFERROR(IF($C6="","",IF($D6="","",IFERROR(ROUND($D6*INDEX('🔖 배합비 참조'!$B$2:$CE$83,MATCH("복음땅콩분태",'🔖 배합비 참조'!$A$2:$A$83,0),MATCH($C6,'🔖 배합비 참조'!$B$1:$CE$1,0))/100,0),""))),"") -> 0 | AW6: =IFERROR(IF($C6="","",IF($D6="","",IFERROR(ROUND($D6*INDEX('🔖 배합비 참조'!$B$2:$CE$83,MATCH("사양벌꿀(국내산)",'🔖 배합비 참조'!$A$2:$A$83,0),MATCH($C6,'🔖 배합비 참조'!$B$1:$CE$1,0))/100,0),""))),"") -> 0 | AX6: =IFERROR(IF($C6="","",IF($D6="","",IFERROR(ROUND($D6*INDEX('🔖 배합비 참조'!$B$2:$CE$83,MATCH("생크림",'🔖 배합비 참조'!$A$2:$A$83,0),MATCH($C6,'🔖 배합비 참조'!$B$1:$CE$1,0))/100,0),""))),"") -> 0 | AY6: =IFERROR(IF($C6="","",IF($D6="","",IFERROR(ROUND($D6*INDEX('🔖 배합비 참조'!$B$2:$CE$83,MATCH("서양호박(국내산,뉴질랜드산)",'🔖 배합비 참조'!$A$2:$A$83,0),MATCH($C6,'🔖 배합비 참조'!$B$1:$CE$1,0))/100,0),""))),"") -> 0 | AZ6: =IFERROR(IF($C6="","",IF($D6="","",IFERROR(ROUND($D6*INDEX('🔖 배합비 참조'!$B$2:$CE$83,MATCH("설탕",'🔖 배합비 참조'!$A$2:$A$83,0),MATCH($C6,'🔖 배합비 참조'!$B$1:$CE$1,0))/100,0),""))),"") -> 3 | BA6: =IFERROR(IF($C6="","",IF($D6="","",IFERROR(ROUND($D6*INDEX('🔖 배합비 참조'!$B$2:$CE$83,MATCH("스트로우베리 에이드 후레쉬",'🔖 배합비 참조'!$A$2:$A$83,0),MATCH($C6,'🔖 배합비 참조'!$B$1:$CE$1,0))/100,0),""))),"") -> 0 | BB6: =IFERROR(IF($C6="","",IF($D6="","",IFERROR(ROUND($D6*INDEX('🔖 배합비 참조'!$B$2:$CE$83,MATCH("식물성기름혼합제제(분홍)",'🔖 배합비 참조'!$A$2:$A$83,0),MATCH($C6,'🔖 배합비 참조'!$B$1:$CE$1,0))/100,0),""))),"") -> 0 | BC6: =IFERROR(IF($C6="","",IF($D6="","",IFERROR(ROUND($D6*INDEX('🔖 배합비 참조'!$B$2:$CE$83,MATCH("식물성기름혼합제제(초록)",'🔖 배합비 참조'!$A$2:$A$83,0),MATCH($C6,'🔖 배합비 참조'!$B$1:$CE$1,0))/100,0),""))),"") -> 0 | BD6: =IFERROR(IF($C6="","",IF($D6="","",IFERROR(ROUND($D6*INDEX('🔖 배합비 참조'!$B$2:$CE$83,MATCH("식물성기름혼합제제(황색)",'🔖 배합비 참조'!$A$2:$A$83,0),MATCH($C6,'🔖 배합비 참조'!$B$1:$CE$1,0))/100,0),""))),"") -> 0 | BE6: =IFERROR(IF($C6="","",IF($D6="","",IFERROR(ROUND($D6*INDEX('🔖 배합비 참조'!$B$2:$CE$83,MATCH("쑥가루(국내산)",'🔖 배합비 참조'!$A$2:$A$83,0),MATCH($C6,'🔖 배합비 참조'!$B$1:$CE$1,0))/100,0),""))),"") -> 1 | BF6: =IFERROR(IF($C6="","",IF($D6="","",IFERROR(ROUND($D6*INDEX('🔖 배합비 참조'!$B$2:$CE$83,MATCH("아몬드슬라이스",'🔖 배합비 참조'!$A$2:$A$83,0),MATCH($C6,'🔖 배합비 참조'!$B$1:$CE$1,0))/100,0),""))),"") -> 0 | BG6: =IFERROR(IF($C6="","",IF($D6="","",IFERROR(ROUND($D6*INDEX('🔖 배합비 참조'!$B$2:$CE$83,MATCH("알룰로오스(국내산)",'🔖 배합비 참조'!$A$2:$A$83,0),MATCH($C6,'🔖 배합비 참조'!$B$1:$CE$1,0))/100,0),""))),"") -> 0 | BH6: =IFERROR(IF($C6="","",IF($D6="","",IFERROR(ROUND($D6*INDEX('🔖 배합비 참조'!$B$2:$CE$83,MATCH("연유",'🔖 배합비 참조'!$A$2:$A$83,0),MATCH($C6,'🔖 배합비 참조'!$B$1:$CE$1,0))/100,0),""))),"") -> 0 | BI6: =IFERROR(IF($C6="","",IF($D6="","",IFERROR(ROUND($D6*INDEX('🔖 배합비 참조'!$B$2:$CE$83,MATCH("옥수수전분",'🔖 배합비 참조'!$A$2:$A$83,0),MATCH($C6,'🔖 배합비 참조'!$B$1:$CE$1,0))/100,0),""))),"") -> 0 | BJ6: =IFERROR(IF($C6="","",IF($D6="","",IFERROR(ROUND($D6*INDEX('🔖 배합비 참조'!$B$2:$CE$83,MATCH("완두배기",'🔖 배합비 참조'!$A$2:$A$83,0),MATCH($C6,'🔖 배합비 참조'!$B$1:$CE$1,0))/100,0),""))),"") -> 0 | BK6: =IFERROR(IF($C6="","",IF($D6="","",IFERROR(ROUND($D6*INDEX('🔖 배합비 참조'!$B$2:$CE$83,MATCH("우유(국내산)",'🔖 배합비 참조'!$A$2:$A$83,0),MATCH($C6,'🔖 배합비 참조'!$B$1:$CE$1,0))/100,0),""))),"") -> 0 | BL6: =IFERROR(IF($C6="","",IF($D6="","",IFERROR(ROUND($D6*INDEX('🔖 배합비 참조'!$B$2:$CE$83,MATCH("자색고구마가루(중국산)",'🔖 배합비 참조'!$A$2:$A$83,0),MATCH($C6,'🔖 배합비 참조'!$B$1:$CE$1,0))/100,0),""))),"") -> 0 | BM6: =IFERROR(IF($C6="","",IF($D6="","",IFERROR(ROUND($D6*INDEX('🔖 배합비 참조'!$B$2:$CE$83,MATCH("자연치즈(체다치즈)",'🔖 배합비 참조'!$A$2:$A$83,0),MATCH($C6,'🔖 배합비 참조'!$B$1:$CE$1,0))/100,0),""))),"") -> 0 | BN6: =IFERROR(IF($C6="","",IF($D6="","",IFERROR(ROUND($D6*INDEX('🔖 배합비 참조'!$B$2:$CE$83,MATCH("정제수",'🔖 배합비 참조'!$A$2:$A$83,0),MATCH($C6,'🔖 배합비 참조'!$B$1:$CE$1,0))/100,0),""))),"") -> 16 | BO6: =IFERROR(IF($C6="","",IF($D6="","",IFERROR(ROUND($D6*INDEX('🔖 배합비 참조'!$B$2:$CE$83,MATCH("젤라틴",'🔖 배합비 참조'!$A$2:$A$83,0),MATCH($C6,'🔖 배합비 참조'!$B$1:$CE$1,0))/100,0),""))),"") -> 0 | BP6: =IFERROR(IF($C6="","",IF($D6="","",IFERROR(ROUND($D6*INDEX('🔖 배합비 참조'!$B$2:$CE$83,MATCH("조림류(백옥앙금)",'🔖 배합비 참조'!$A$2:$A$83,0),MATCH($C6,'🔖 배합비 참조'!$B$1:$CE$1,0))/100,0),""))),"") -> 35 | BQ6: =IFERROR(IF($C6="","",IF($D6="","",IFERROR(ROUND($D6*INDEX('🔖 배합비 참조'!$B$2:$CE$83,MATCH("조림류(통팥앙금)",'🔖 배합비 참조'!$A$2:$A$83,0),MATCH($C6,'🔖 배합비 참조'!$B$1:$CE$1,0))/100,0),""))),"") -> 0 | BR6: =IFERROR(IF($C6="","",IF($D6="","",IFERROR(ROUND($D6*INDEX('🔖 배합비 참조'!$B$2:$CE$83,MATCH("준초콜릿(외국산)",'🔖 배합비 참조'!$A$2:$A$83,0),MATCH($C6,'🔖 배합비 참조'!$B$1:$CE$1,0))/100,0),""))),"") -> 0 | BS6: =IFERROR(IF($C6="","",IF($D6="","",IFERROR(ROUND($D6*INDEX('🔖 배합비 참조'!$B$2:$CE$83,MATCH("중력분",'🔖 배합비 참조'!$A$2:$A$83,0),MATCH($C6,'🔖 배합비 참조'!$B$1:$CE$1,0))/100,0),""))),"") -> 1 | BT6: =IFERROR(IF($C6="","",IF($D6="","",IFERROR(ROUND($D6*INDEX('🔖 배합비 참조'!$B$2:$CE$83,MATCH("참깨(인도산,나이지리아산,탄자니아산,미얀마산)",'🔖 배합비 참조'!$A$2:$A$83,0),MATCH($C6,'🔖 배합비 참조'!$B$1:$CE$1,0))/100,0),""))),"") -> 0 | BU6: =IFERROR(IF($C6="","",IF($D6="","",IFERROR(ROUND($D6*INDEX('🔖 배합비 참조'!$B$2:$CE$83,MATCH("찹쌀(국내산)",'🔖 배합비 참조'!$A$2:$A$83,0),MATCH($C6,'🔖 배합비 참조'!$B$1:$CE$1,0))/100,0),""))),"") -> 55 | BV6: =IFERROR(IF($C6="","",IF($D6="","",IFERROR(ROUND($D6*INDEX('🔖 배합비 참조'!$B$2:$CE$83,MATCH("천일염",'🔖 배합비 참조'!$A$2:$A$83,0),MATCH($C6,'🔖 배합비 참조'!$B$1:$CE$1,0))/100,0),""))),"") -> 1 | BW6: =IFERROR(IF($C6="","",IF($D6="","",IFERROR(ROUND($D6*INDEX('🔖 배합비 참조'!$B$2:$CE$83,MATCH("치즈 [크림치즈]",'🔖 배합비 참조'!$A$2:$A$83,0),MATCH($C6,'🔖 배합비 참조'!$B$1:$CE$1,0))/100,0),""))),"") -> 0 | BX6: =IFERROR(IF($C6="","",IF($D6="","",IFERROR(ROUND($D6*INDEX('🔖 배합비 참조'!$B$2:$CE$83,MATCH("코코아가공품류(코코아분말)",'🔖 배합비 참조'!$A$2:$A$83,0),MATCH($C6,'🔖 배합비 참조'!$B$1:$CE$1,0))/100,0),""))),"") -> 0 | BY6: =IFERROR(IF($C6="","",IF($D6="","",IFERROR(ROUND($D6*INDEX('🔖 배합비 참조'!$B$2:$CE$83,MATCH("콩기름(대두유)",'🔖 배합비 참조'!$A$2:$A$83,0),MATCH($C6,'🔖 배합비 참조'!$B$1:$CE$1,0))/100,0),""))),"") -> 0 | BZ6: =IFERROR(IF($C6="","",IF($D6="","",IFERROR(ROUND($D6*INDEX('🔖 배합비 참조'!$B$2:$CE$83,MATCH("해바라기씨앗",'🔖 배합비 참조'!$A$2:$A$83,0),MATCH($C6,'🔖 배합비 참조'!$B$1:$CE$1,0))/100,0),""))),"") -> 0 | CA6: =IFERROR(IF($C6="","",IF($D6="","",IFERROR(ROUND($D6*INDEX('🔖 배합비 참조'!$B$2:$CE$83,MATCH("현미(국내산)",'🔖 배합비 참조'!$A$2:$A$83,0),MATCH($C6,'🔖 배합비 참조'!$B$1:$CE$1,0))/100,0),""))),"") -> 0 | CB6: =IFERROR(IF($C6="","",IF($D6="","",IFERROR(ROUND($D6*INDEX('🔖 배합비 참조'!$B$2:$CE$83,MATCH("현미멥쌀(국내산)",'🔖 배합비 참조'!$A$2:$A$83,0),MATCH($C6,'🔖 배합비 참조'!$B$1:$CE$1,0))/100,0),""))),"") -> 0 | CC6: =IFERROR(IF($C6="","",IF($D6="","",IFERROR(ROUND($D6*INDEX('🔖 배합비 참조'!$B$2:$CE$83,MATCH("호두분태(미국산)",'🔖 배합비 참조'!$A$2:$A$83,0),MATCH($C6,'🔖 배합비 참조'!$B$1:$CE$1,0))/100,0),""))),"") -> 0 | CD6: =IFERROR(IF($C6="","",IF($D6="","",IFERROR(ROUND($D6*INDEX('🔖 배합비 참조'!$B$2:$CE$83,MATCH("호박씨앗(외국산)",'🔖 배합비 참조'!$A$2:$A$83,0),MATCH($C6,'🔖 배합비 참조'!$B$1:$CE$1,0))/100,0),""))),"") -> 0 | CE6: =IFERROR(IF($C6="","",IF($D6="","",IFERROR(ROUND($D6*INDEX('🔖 배합비 참조'!$B$2:$CE$83,MATCH("혼합제제(떡용에스텔)",'🔖 배합비 참조'!$A$2:$A$83,0),MATCH($C6,'🔖 배합비 참조'!$B$1:$CE$1,0))/100,0),""))),"") -> 0 | CF6: =IFERROR(IF($C6="","",IF($D6="","",IFERROR(ROUND($D6*INDEX('🔖 배합비 참조'!$B$2:$CE$83,MATCH("혼합제제(스테비아)",'🔖 배합비 참조'!$A$2:$A$83,0),MATCH($C6,'🔖 배합비 참조'!$B$1:$CE$1,0))/100,0),""))),"") -> 0 | CG6: =IFERROR(IF($C6="","",IF($D6="","",IFERROR(ROUND($D6*INDEX('🔖 배합비 참조'!$B$2:$CE$83,MATCH("화이트초콜릿",'🔖 배합비 참조'!$A$2:$A$83,0),MATCH($C6,'🔖 배합비 참조'!$B$1:$CE$1,0))/100,0),""))),"") -> 0 | CH6: =IFERROR(IF($C6="","",IF($D6="","",IFERROR(ROUND($D6*INDEX('🔖 배합비 참조'!$B$2:$CE$83,MATCH("흑미찹쌀(국내산)",'🔖 배합비 참조'!$A$2:$A$83,0),MATCH($C6,'🔖 배합비 참조'!$B$1:$CE$1,0))/100,0),""))),"") -> 0 | CI6: =IFERROR(IF($C6="","",IF($D6="","",IFERROR(ROUND($D6*INDEX('🔖 배합비 참조'!$B$2:$CE$83,MATCH("찰옥수수전분(미국산)",'🔖 배합비 참조'!$A$2:$A$83,0),MATCH($C6,'🔖 배합비 참조'!$B$1:$CE$1,0))/100,0),""))),"") -> 0 | CL6: 2025-10
A7: 3 | B7: 45943 | C7: 콩고물쑥떡 | D7: 140 | G7: =IFERROR(IF($C7="","",IF($D7="","",IFERROR(ROUND($D7*INDEX('🔖 배합비 참조'!$B$2:$CE$83,MATCH("간장",'🔖 배합비 참조'!$A$2:$A$83,0),MATCH($C7,'🔖 배합비 참조'!$B$1:$CE$1,0))/100,0),""))),"") -> 0 | H7: =IFERROR(IF($C7="","",IF($D7="","",IFERROR(ROUND($D7*INDEX('🔖 배합비 참조'!$B$2:$CE$83,MATCH("강낭콩((울타리콩))",'🔖 배합비 참조'!$A$2:$A$83,0),MATCH($C7,'🔖 배합비 참조'!$B$1:$CE$1,0))/100,0),""))),"") -> 0 | I7: =IFERROR(IF($C7="","",IF($D7="","",IFERROR(ROUND($D7*INDEX('🔖 배합비 참조'!$B$2:$CE$83,MATCH("건조딸기다이스(외국산)",'🔖 배합비 참조'!$A$2:$A$83,0),MATCH($C7,'🔖 배합비 참조'!$B$1:$CE$1,0))/100,0),""))),"") -> 0 | J7: =IFERROR(IF($C7="","",IF($D7="","",IFERROR(ROUND($D7*INDEX('🔖 배합비 참조'!$B$2:$CE$83,MATCH("건포도",'🔖 배합비 참조'!$A$2:$A$83,0),MATCH($C7,'🔖 배합비 참조'!$B$1:$CE$1,0))/100,0),""))),"") -> 0 | K7: =IFERROR(IF($C7="","",IF($D7="","",IFERROR(ROUND($D7*INDEX('🔖 배합비 참조'!$B$2:$CE$83,MATCH("건호박채(중국산)",'🔖 배합비 참조'!$A$2:$A$83,0),MATCH($C7,'🔖 배합비 참조'!$B$1:$CE$1,0))/100,0),""))),"") -> 0 | L7: =IFERROR(IF($C7="","",IF($D7="","",IFERROR(ROUND($D7*INDEX('🔖 배합비 참조'!$B$2:$CE$83,MATCH("검정깨(흑임자)",'🔖 배합비 참조'!$A$2:$A$83,0),MATCH($C7,'🔖 배합비 참조'!$B$1:$CE$1,0))/100,0),""))),"") -> 0 | M7: =IFERROR(IF($C7="","",IF($D7="","",IFERROR(ROUND($D7*INDEX('🔖 배합비 참조'!$B$2:$CE$83,MATCH("검정콩",'🔖 배합비 참조'!$A$2:$A$83,0),MATCH($C7,'🔖 배합비 참조'!$B$1:$CE$1,0))/100,0),""))),"") -> 0 | N7: =IFERROR(IF($C7="","",IF($D7="","",IFERROR(ROUND($D7*INDEX('🔖 배합비 참조'!$B$2:$CE$83,MATCH("계피가루",'🔖 배합비 참조'!$A$2:$A$83,0),MATCH($C7,'🔖 배합비 참조'!$B$1:$CE$1,0))/100,0),""))),"") -> 0 | O7: =IFERROR(IF($C7="","",IF($D7="","",IFERROR(ROUND($D7*INDEX('🔖 배합비 참조'!$B$2:$CE$83,MATCH("고구마가루",'🔖 배합비 참조'!$A$2:$A$83,0),MATCH($C7,'🔖 배합비 참조'!$B$1:$CE$1,0))/100,0),""))),"") -> 0 | P7: =IFERROR(IF($C7="","",IF($D7="","",IFERROR(ROUND($D7*INDEX('🔖 배합비 참조'!$B$2:$CE$83,MATCH("고구마무스",'🔖 배합비 참조'!$A$2:$A$83,0),MATCH($C7,'🔖 배합비 참조'!$B$1:$CE$1,0))/100,0),""))),"") -> 0 | Q7: =IFERROR(IF($C7="","",IF($D7="","",IFERROR(ROUND($D7*INDEX('🔖 배합비 참조'!$B$2:$CE$83,MATCH("고려엉겅퀴((곤드레)국내산)",'🔖 배합비 참조'!$A$2:$A$83,0),MATCH($C7,'🔖 배합비 참조'!$B$1:$CE$1,0))/100,0),""))),"") -> 0 | R7: =IFERROR(IF($C7="","",IF($D7="","",IFERROR(ROUND($D7*INDEX('🔖 배합비 참조'!$B$2:$CE$83,MATCH("기타가공품(복분자가루)",'🔖 배합비 참조'!$A$2:$A$83,0),MATCH($C7,'🔖 배합비 참조'!$B$1:$CE$1,0))/100,0),""))),"") -> 0 | S7: =IFERROR(IF($C7="","",IF($D7="","",IFERROR(ROUND($D7*INDEX('🔖 배합비 참조'!$B$2:$CE$83,MATCH("기타가공품(슈퍼소프트엠)",'🔖 배합비 참조'!$A$2:$A$83,0),MATCH($C7,'🔖 배합비 참조'!$B$1:$CE$1,0))/100,0),""))),"") -> 0 | T7: =IFERROR(IF($C7="","",IF($D7="","",IFERROR(ROUND($D7*INDEX('🔖 배합비 참조'!$B$2:$CE$83,MATCH("기타가공품(파인소프트 E-티)",'🔖 배합비 참조'!$A$2:$A$83,0),MATCH($C7,'🔖 배합비 참조'!$B$1:$CE$1,0))/100,0),""))),"") -> 0 | U7: =IFERROR(IF($C7="","",IF($D7="","",IFERROR(ROUND($D7*INDEX('🔖 배합비 참조'!$B$2:$CE$83,MATCH("기타가공품(프리미엄카스테라가루)",'🔖 배합비 참조'!$A$2:$A$83,0),MATCH($C7,'🔖 배합비 참조'!$B$1:$CE$1,0))/100,0),""))),"") -> 0 | V7: =IFERROR(IF($C7="","",IF($D7="","",IFERROR(ROUND($D7*INDEX('🔖 배합비 참조'!$B$2:$CE$83,MATCH("기타가공품(흑임자가루)",'🔖 배합비 참조'!$A$2:$A$83,0),MATCH($C7,'🔖 배합비 참조'!$B$1:$CE$1,0))/100,0),""))),"") -> 0 | W7: =IFERROR(IF($C7="","",IF($D7="","",IFERROR(ROUND($D7*INDEX('🔖 배합비 참조'!$B$2:$CE$83,MATCH("기타설탕(흑설탕)",'🔖 배합비 참조'!$A$2:$A$83,0),MATCH($C7,'🔖 배합비 참조'!$B$1:$CE$1,0))/100,0),""))),"") -> 0 | X7: =IFERROR(IF($C7="","",IF($D7="","",IFERROR(ROUND($D7*INDEX('🔖 배합비 참조'!$B$2:$CE$83,MATCH("냉동쑥(국내산)",'🔖 배합비 참조'!$A$2:$A$83,0),MATCH($C7,'🔖 배합비 참조'!$B$1:$CE$1,0))/100,0),""))),"") -> 5 | Y7: =IFERROR(IF($C7="","",IF($D7="","",IFERROR(ROUND($D7*INDEX('🔖 배합비 참조'!$B$2:$CE$83,MATCH("냉동증숙고구마(중국산)",'🔖 배합비 참조'!$A$2:$A$83,0),MATCH($C7,'🔖 배합비 참조'!$B$1:$CE$1,0))/100,0),""))),"") -> 0 | Z7: =IFERROR(IF($C7="","",IF($D7="","",IFERROR(ROUND($D7*INDEX('🔖 배합비 참조'!$B$2:$CE$83,MATCH("녹차가루",'🔖 배합비 참조'!$A$2:$A$83,0),MATCH($C7,'🔖 배합비 참조'!$B$1:$CE$1,0))/100,0),""))),"") -> 0 | AA7: =IFERROR(IF($C7="","",IF($D7="","",IFERROR(ROUND($D7*INDEX('🔖 배합비 참조'!$B$2:$CE$83,MATCH("다크초콜릿 컴파운드칩",'🔖 배합비 참조'!$A$2:$A$83,0),MATCH($C7,'🔖 배합비 참조'!$B$1:$CE$1,0))/100,0),""))),"") -> 0 | AB7: =IFERROR(IF($C7="","",IF($D7="","",IFERROR(ROUND($D7*INDEX('🔖 배합비 참조'!$B$2:$CE$83,MATCH("단호박분말(중국산)",'🔖 배합비 참조'!$A$2:$A$83,0),MATCH($C7,'🔖 배합비 참조'!$B$1:$CE$1,0))/100,0),""))),"") -> 0 | AC7: =IFERROR(IF($C7="","",IF($D7="","",IFERROR(ROUND($D7*INDEX('🔖 배합비 참조'!$B$2:$CE$83,MATCH("당류가공품(단호박농축액)",'🔖 배합비 참조'!$A$2:$A$83,0),MATCH($C7,'🔖 배합비 참조'!$B$1:$CE$1,0))/100,0),""))),"") -> 0 | AD7: =IFERROR(IF($C7="","",IF($D7="","",IFERROR(ROUND($D7*INDEX('🔖 배합비 참조'!$B$2:$CE$83,MATCH("당류가공품(알룰로스,에리스리톨,스테비올배당체혼합)",'🔖 배합비 참조'!$A$2:$A$83,0),MATCH($C7,'🔖 배합비 참조'!$B$1:$CE$1,0))/100,0),""))),"") -> 0 | AE7: =IFERROR(IF($C7="","",IF($D7="","",IFERROR(ROUND($D7*INDEX('🔖 배합비 참조'!$B$2:$CE$83,MATCH("당류가공품(알룰로스제로파우더)",'🔖 배합비 참조'!$A$2:$A$83,0),MATCH($C7,'🔖 배합비 참조'!$B$1:$CE$1,0))/100,0),""))),"") -> 0 | AF7: =IFERROR(IF($C7="","",IF($D7="","",IFERROR(ROUND($D7*INDEX('🔖 배합비 참조'!$B$2:$CE$83,MATCH("당절임(완두배기)",'🔖 배합비 참조'!$A$2:$A$83,0),MATCH($C7,'🔖 배합비 참조'!$B$1:$CE$1,0))/100,0),""))),"") -> 0 | AG7: =IFERROR(IF($C7="","",IF($D7="","",IFERROR(ROUND($D7*INDEX('🔖 배합비 참조'!$B$2:$CE$83,MATCH("대추농축액",'🔖 배합비 참조'!$A$2:$A$83,0),MATCH($C7,'🔖 배합비 참조'!$B$1:$CE$1,0))/100,0),""))),"") -> 0 | AH7: =IFERROR(IF($C7="","",IF($D7="","",IFERROR(ROUND($D7*INDEX('🔖 배합비 참조'!$B$2:$CE$83,MATCH("대추채(국내산)",'🔖 배합비 참조'!$A$2:$A$83,0),MATCH($C7,'🔖 배합비 참조'!$B$1:$CE$1,0))/100,0),""))),"") -> 0 | AI7: =IFERROR(IF($C7="","",IF($D7="","",IFERROR(ROUND($D7*INDEX('🔖 배합비 참조'!$B$2:$CE$83,MATCH("동부(미얀마산)",'🔖 배합비 참조'!$A$2:$A$83,0),MATCH($C7,'🔖 배합비 참조'!$B$1:$CE$1,0))/100,0),""))),"") -> 0 | AJ7: =IFERROR(IF($C7="","",IF($D7="","",IFERROR(ROUND($D7*INDEX('🔖 배합비 참조'!$B$2:$CE$83,MATCH("두류가공품(백옥앙금)",'🔖 배합비 참조'!$A$2:$A$83,0),MATCH($C7,'🔖 배합비 참조'!$B$1:$CE$1,0))/100,0),""))),"") -> 0 | AK7: =IFERROR(IF($C7="","",IF($D7="","",IFERROR(ROUND($D7*INDEX('🔖 배합비 참조'!$B$2:$CE$83,MATCH("두류가공품(콩고물)",'🔖 배합비 참조'!$A$2:$A$83,0),MATCH($C7,'🔖 배합비 참조'!$B$1:$CE$1,0))/100,0),""))),"") -> 4 | AL7: =IFERROR(IF($C7="","",IF($D7="","",IFERROR(ROUND($D7*INDEX('🔖 배합비 참조'!$B$2:$CE$83,MATCH("두류가공품(통팥고물)",'🔖 배합비 참조'!$A$2:$A$83,0),MATCH($C7,'🔖 배합비 참조'!$B$1:$CE$1,0))/100,0),""))),"") -> 0 | AM7: =IFERROR(IF($C7="","",IF($D7="","",IFERROR(ROUND($D7*INDEX('🔖 배합비 참조'!$B$2:$CE$83,MATCH("딸기레진",'🔖 배합비 참조'!$A$2:$A$83,0),MATCH($C7,'🔖 배합비 참조'!$B$1:$CE$1,0))/100,0),""))),"") -> 0 | AN7: =IFERROR(IF($C7="","",IF($D7="","",IFERROR(ROUND($D7*INDEX('🔖 배합비 참조'!$B$2:$CE$83,MATCH("딸기분말(스트로우베리에이드(분말))",'🔖 배합비 참조'!$A$2:$A$83,0),MATCH($C7,'🔖 배합비 참조'!$B$1:$CE$1,0))/100,0),""))),"") -> 0 | AO7: =IFERROR(IF($C7="","",IF($D7="","",IFERROR(ROUND($D7*INDEX('🔖 배합비 참조'!$B$2:$CE$83,MATCH("마스카포네치즈",'🔖 배합비 참조'!$A$2:$A$83,0),MATCH($C7,'🔖 배합비 참조'!$B$1:$CE$1,0))/100,0),""))),"") -> 0 | AP7: =IFERROR(IF($C7="","",IF($D7="","",IFERROR(ROUND($D7*INDEX('🔖 배합비 참조'!$B$2:$CE$83,MATCH("마카다미아분태(호주산)",'🔖 배합비 참조'!$A$2:$A$83,0),MATCH($C7,'🔖 배합비 참조'!$B$1:$CE$1,0))/100,0),""))),"") -> 0 | AQ7: =IFERROR(IF($C7="","",IF($D7="","",IFERROR(ROUND($D7*INDEX('🔖 배합비 참조'!$B$2:$CE$83,MATCH("멥쌀(국내산)",'🔖 배합비 참조'!$A$2:$A$83,0),MATCH($C7,'🔖 배합비 참조'!$B$1:$CE$1,0))/100,0),""))),"") -> 0 | AR7: =IFERROR(IF($C7="","",IF($D7="","",IFERROR(ROUND($D7*INDEX('🔖 배합비 참조'!$B$2:$CE$83,MATCH("모시잎(국내산)",'🔖 배합비 참조'!$A$2:$A$83,0),MATCH($C7,'🔖 배합비 참조'!$B$1:$CE$1,0))/100,0),""))),"") -> 0 | AS7: =IFERROR(IF($C7="","",IF($D7="","",IFERROR(ROUND($D7*INDEX('🔖 배합비 참조'!$B$2:$CE$83,MATCH("물엿(저당물엿)",'🔖 배합비 참조'!$A$2:$A$83,0),MATCH($C7,'🔖 배합비 참조'!$B$1:$CE$1,0))/100,0),""))),"") -> 3 | AT7: =IFERROR(IF($C7="","",IF($D7="","",IFERROR(ROUND($D7*INDEX('🔖 배합비 참조'!$B$2:$CE$83,MATCH("밤다이스",'🔖 배합비 참조'!$A$2:$A$83,0),MATCH($C7,'🔖 배합비 참조'!$B$1:$CE$1,0))/100,0),""))),"") -> 0 | AU7: =IFERROR(IF($C7="","",IF($D7="","",IFERROR(ROUND($D7*INDEX('🔖 배합비 참조'!$B$2:$CE$83,MATCH("변성전분(타피오카전분)",'🔖 배합비 참조'!$A$2:$A$83,0),MATCH($C7,'🔖 배합비 참조'!$B$1:$CE$1,0))/100,0),""))),"") -> 0 | AV7: =IFERROR(IF($C7="","",IF($D7="","",IFERROR(ROUND($D7*INDEX('🔖 배합비 참조'!$B$2:$CE$83,MATCH("복음땅콩분태",'🔖 배합비 참조'!$A$2:$A$83,0),MATCH($C7,'🔖 배합비 참조'!$B$1:$CE$1,0))/100,0),""))),"") -> 0 | AW7: =IFERROR(IF($C7="","",IF($D7="","",IFERROR(ROUND($D7*INDEX('🔖 배합비 참조'!$B$2:$CE$83,MATCH("사양벌꿀(국내산)",'🔖 배합비 참조'!$A$2:$A$83,0),MATCH($C7,'🔖 배합비 참조'!$B$1:$CE$1,0))/100,0),""))),"") -> 0 | AX7: =IFERROR(IF($C7="","",IF($D7="","",IFERROR(ROUND($D7*INDEX('🔖 배합비 참조'!$B$2:$CE$83,MATCH("생크림",'🔖 배합비 참조'!$A$2:$A$83,0),MATCH($C7,'🔖 배합비 참조'!$B$1:$CE$1,0))/100,0),""))),"") -> 0 | AY7: =IFERROR(IF($C7="","",IF($D7="","",IFERROR(ROUND($D7*INDEX('🔖 배합비 참조'!$B$2:$CE$83,MATCH("서양호박(국내산,뉴질랜드산)",'🔖 배합비 참조'!$A$2:$A$83,0),MATCH($C7,'🔖 배합비 참조'!$B$1:$CE$1,0))/100,0),""))),"") -> 0 | AZ7: =IFERROR(IF($C7="","",IF($D7="","",IFERROR(ROUND($D7*INDEX('🔖 배합비 참조'!$B$2:$CE$83,MATCH("설탕",'🔖 배합비 참조'!$A$2:$A$83,0),MATCH($C7,'🔖 배합비 참조'!$B$1:$CE$1,0))/100,0),""))),"") -> 3 | BA7: =IFERROR(IF($C7="","",IF($D7="","",IFERROR(ROUND($D7*INDEX('🔖 배합비 참조'!$B$2:$CE$83,MATCH("스트로우베리 에이드 후레쉬",'🔖 배합비 참조'!$A$2:$A$83,0),MATCH($C7,'🔖 배합비 참조'!$B$1:$CE$1,0))/100,0),""))),"") -> 0 | BB7: =IFERROR(IF($C7="","",IF($D7="","",IFERROR(ROUND($D7*INDEX('🔖 배합비 참조'!$B$2:$CE$83,MATCH("식물성기름혼합제제(분홍)",'🔖 배합비 참조'!$A$2:$A$83,0),MATCH($C7,'🔖 배합비 참조'!$B$1:$CE$1,0))/100,0),""))),"") -> 0 | BC7: =IFERROR(IF($C7="","",IF($D7="","",IFERROR(ROUND($D7*INDEX('🔖 배합비 참조'!$B$2:$CE$83,MATCH("식물성기름혼합제제(초록)",'🔖 배합비 참조'!$A$2:$A$83,0),MATCH($C7,'🔖 배합비 참조'!$B$1:$CE$1,0))/100,0),""))),"") -> 0 | BD7: =IFERROR(IF($C7="","",IF($D7="","",IFERROR(ROUND($D7*INDEX('🔖 배합비 참조'!$B$2:$CE$83,MATCH("식물성기름혼합제제(황색)",'🔖 배합비 참조'!$A$2:$A$83,0),MATCH($C7,'🔖 배합비 참조'!$B$1:$CE$1,0))/100,0),""))),"") -> 0 | BE7: =IFERROR(IF($C7="","",IF($D7="","",IFERROR(ROUND($D7*INDEX('🔖 배합비 참조'!$B$2:$CE$83,MATCH("쑥가루(국내산)",'🔖 배합비 참조'!$A$2:$A$83,0),MATCH($C7,'🔖 배합비 참조'!$B$1:$CE$1,0))/100,0),""))),"") -> 2 | BF7: =IFERROR(IF($C7="","",IF($D7="","",IFERROR(ROUND($D7*INDEX('🔖 배합비 참조'!$B$2:$CE$83,MATCH("아몬드슬라이스",'🔖 배합비 참조'!$A$2:$A$83,0),MATCH($C7,'🔖 배합비 참조'!$B$1:$CE$1,0))/100,0),""))),"") -> 0 | BG7: =IFERROR(IF($C7="","",IF($D7="","",IFERROR(ROUND($D7*INDEX('🔖 배합비 참조'!$B$2:$CE$83,MATCH("알룰로오스(국내산)",'🔖 배합비 참조'!$A$2:$A$83,0),MATCH($C7,'🔖 배합비 참조'!$B$1:$CE$1,0))/100,0),""))),"") -> 0 | BH7: =IFERROR(IF($C7="","",IF($D7="","",IFERROR(ROUND($D7*INDEX('🔖 배합비 참조'!$B$2:$CE$83,MATCH("연유",'🔖 배합비 참조'!$A$2:$A$83,0),MATCH($C7,'🔖 배합비 참조'!$B$1:$CE$1,0))/100,0),""))),"") -> 0 | BI7: =IFERROR(IF($C7="","",IF($D7="","",IFERROR(ROUND($D7*INDEX('🔖 배합비 참조'!$B$2:$CE$83,MATCH("옥수수전분",'🔖 배합비 참조'!$A$2:$A$83,0),MATCH($C7,'🔖 배합비 참조'!$B$1:$CE$1,0))/100,0),""))),"") -> 0 | BJ7: =IFERROR(IF($C7="","",IF($D7="","",IFERROR(ROUND($D7*INDEX('🔖 배합비 참조'!$B$2:$CE$83,MATCH("완두배기",'🔖 배합비 참조'!$A$2:$A$83,0),MATCH($C7,'🔖 배합비 참조'!$B$1:$CE$1,0))/100,0),""))),"") -> 0 | BK7: =IFERROR(IF($C7="","",IF($D7="","",IFERROR(ROUND($D7*INDEX('🔖 배합비 참조'!$B$2:$CE$83,MATCH("우유(국내산)",'🔖 배합비 참조'!$A$2:$A$83,0),MATCH($C7,'🔖 배합비 참조'!$B$1:$CE$1,0))/100,0),""))),"") -> 0 | BL7: =IFERROR(IF($C7="","",IF($D7="","",IFERROR(ROUND($D7*INDEX('🔖 배합비 참조'!$B$2:$CE$83,MATCH("자색고구마가루(중국산)",'🔖 배합비 참조'!$A$2:$A$83,0),MATCH($C7,'🔖 배합비 참조'!$B$1:$CE$1,0))/100,0),""))),"") -> 0 | BM7: =IFERROR(IF($C7="","",IF($D7="","",IFERROR(ROUND($D7*INDEX('🔖 배합비 참조'!$B$2:$CE$83,MATCH("자연치즈(체다치즈)",'🔖 배합비 참조'!$A$2:$A$83,0),MATCH($C7,'🔖 배합비 참조'!$B$1:$CE$1,0))/100,0),""))),"") -> 0 | BN7: =IFERROR(IF($C7="","",IF($D7="","",IFERROR(ROUND($D7*INDEX('🔖 배합비 참조'!$B$2:$CE$83,MATCH("정제수",'🔖 배합비 참조'!$A$2:$A$83,0),MATCH($C7,'🔖 배합비 참조'!$B$1:$CE$1,0))/100,0),""))),"") -> 0 | BO7: =IFERROR(IF($C7="","",IF($D7="","",IFERROR(ROUND($D7*INDEX('🔖 배합비 참조'!$B$2:$CE$83,MATCH("젤라틴",'🔖 배합비 참조'!$A$2:$A$83,0),MATCH($C7,'🔖 배합비 참조'!$B$1:$CE$1,0))/100,0),""))),"") -> 0 | BP7: =IFERROR(IF($C7="","",IF($D7="","",IFERROR(ROUND($D7*INDEX('🔖 배합비 참조'!$B$2:$CE$83,MATCH("조림류(백옥앙금)",'🔖 배합비 참조'!$A$2:$A$83,0),MATCH($C7,'🔖 배합비 참조'!$B$1:$CE$1,0))/100,0),""))),"") -> 0 | BQ7: =IFERROR(IF($C7="","",IF($D7="","",IFERROR(ROUND($D7*INDEX('🔖 배합비 참조'!$B$2:$CE$83,MATCH("조림류(통팥앙금)",'🔖 배합비 참조'!$A$2:$A$83,0),MATCH($C7,'🔖 배합비 참조'!$B$1:$CE$1,0))/100,0),""))),"") -> 58 | BR7: =IFERROR(IF($C7="","",IF($D7="","",IFERROR(ROUND($D7*INDEX('🔖 배합비 참조'!$B$2:$CE$83,MATCH("준초콜릿(외국산)",'🔖 배합비 참조'!$A$2:$A$83,0),MATCH($C7,'🔖 배합비 참조'!$B$1:$CE$1,0))/100,0),""))),"") -> 0 | BS7: =IFERROR(IF($C7="","",IF($D7="","",IFERROR(ROUND($D7*INDEX('🔖 배합비 참조'!$B$2:$CE$83,MATCH("중력분",'🔖 배합비 참조'!$A$2:$A$83,0),MATCH($C7,'🔖 배합비 참조'!$B$1:$CE$1,0))/100,0),""))),"") -> 1 | BT7: =IFERROR(IF($C7="","",IF($D7="","",IFERROR(ROUND($D7*INDEX('🔖 배합비 참조'!$B$2:$CE$83,MATCH("참깨(인도산,나이지리아산,탄자니아산,미얀마산)",'🔖 배합비 참조'!$A$2:$A$83,0),MATCH($C7,'🔖 배합비 참조'!$B$1:$CE$1,0))/100,0),""))),"") -> 0 | BU7: =IFERROR(IF($C7="","",IF($D7="","",IFERROR(ROUND($D7*INDEX('🔖 배합비 참조'!$B$2:$CE$83,MATCH("찹쌀(국내산)",'🔖 배합비 참조'!$A$2:$A$83,0),MATCH($C7,'🔖 배합비 참조'!$B$1:$CE$1,0))/100,0),""))),"") -> 62 | BV7: =IFERROR(IF($C7="","",IF($D7="","",IFERROR(ROUND($D7*INDEX('🔖 배합비 참조'!$B$2:$CE$83,MATCH("천일염",'🔖 배합비 참조'!$A$2:$A$83,0),MATCH($C7,'🔖 배합비 참조'!$B$1:$CE$1,0))/100,0),""))),"") -> 1 | BW7: =IFERROR(IF($C7="","",IF($D7="","",IFERROR(ROUND($D7*INDEX('🔖 배합비 참조'!$B$2:$CE$83,MATCH("치즈 [크림치즈]",'🔖 배합비 참조'!$A$2:$A$83,0),MATCH($C7,'🔖 배합비 참조'!$B$1:$CE$1,0))/100,0),""))),"") -> 0 | BX7: =IFERROR(IF($C7="","",IF($D7="","",IFERROR(ROUND($D7*INDEX('🔖 배합비 참조'!$B$2:$CE$83,MATCH("코코아가공품류(코코아분말)",'🔖 배합비 참조'!$A$2:$A$83,0),MATCH($C7,'🔖 배합비 참조'!$B$1:$CE$1,0))/100,0),""))),"") -> 0 | BY7: =IFERROR(IF($C7="","",IF($D7="","",IFERROR(ROUND($D7*INDEX('🔖 배합비 참조'!$B$2:$CE$83,MATCH("콩기름(대두유)",'🔖 배합비 참조'!$A$2:$A$83,0),MATCH($C7,'🔖 배합비 참조'!$B$1:$CE$1,0))/100,0),""))),"") -> 0 | BZ7: =IFERROR(IF($C7="","",IF($D7="","",IFERROR(ROUND($D7*INDEX('🔖 배합비 참조'!$B$2:$CE$83,MATCH("해바라기씨앗",'🔖 배합비 참조'!$A$2:$A$83,0),MATCH($C7,'🔖 배합비 참조'!$B$1:$CE$1,0))/100,0),""))),"") -> 0 | CA7: =IFERROR(IF($C7="","",IF($D7="","",IFERROR(ROUND($D7*INDEX('🔖 배합비 참조'!$B$2:$CE$83,MATCH("현미(국내산)",'🔖 배합비 참조'!$A$2:$A$83,0),MATCH($C7,'🔖 배합비 참조'!$B$1:$CE$1,0))/100,0),""))),"") -> 0 | CB7: =IFERROR(IF($C7="","",IF($D7="","",IFERROR(ROUND($D7*INDEX('🔖 배합비 참조'!$B$2:$CE$83,MATCH("현미멥쌀(국내산)",'🔖 배합비 참조'!$A$2:$A$83,0),MATCH($C7,'🔖 배합비 참조'!$B$1:$CE$1,0))/100,0),""))),"") -> 0 | CC7: =IFERROR(IF($C7="","",IF($D7="","",IFERROR(ROUND($D7*INDEX('🔖 배합비 참조'!$B$2:$CE$83,MATCH("호두분태(미국산)",'🔖 배합비 참조'!$A$2:$A$83,0),MATCH($C7,'🔖 배합비 참조'!$B$1:$CE$1,0))/100,0),""))),"") -> 0 | CD7: =IFERROR(IF($C7="","",IF($D7="","",IFERROR(ROUND($D7*INDEX('🔖 배합비 참조'!$B$2:$CE$83,MATCH("호박씨앗(외국산)",'🔖 배합비 참조'!$A$2:$A$83,0),MATCH($C7,'🔖 배합비 참조'!$B$1:$CE$1,0))/100,0),""))),"") -> 0 | CE7: =IFERROR(IF($C7="","",IF($D7="","",IFERROR(ROUND($D7*INDEX('🔖 배합비 참조'!$B$2:$CE$83,MATCH("혼합제제(떡용에스텔)",'🔖 배합비 참조'!$A$2:$A$83,0),MATCH($C7,'🔖 배합비 참조'!$B$1:$CE$1,0))/100,0),""))),"") -> 1 | CF7: =IFERROR(IF($C7="","",IF($D7="","",IFERROR(ROUND($D7*INDEX('🔖 배합비 참조'!$B$2:$CE$83,MATCH("혼합제제(스테비아)",'🔖 배합비 참조'!$A$2:$A$83,0),MATCH($C7,'🔖 배합비 참조'!$B$1:$CE$1,0))/100,0),""))),"") -> 0 | CG7: =IFERROR(IF($C7="","",IF($D7="","",IFERROR(ROUND($D7*INDEX('🔖 배합비 참조'!$B$2:$CE$83,MATCH("화이트초콜릿",'🔖 배합비 참조'!$A$2:$A$83,0),MATCH($C7,'🔖 배합비 참조'!$B$1:$CE$1,0))/100,0),""))),"") -> 0 | CH7: =IFERROR(IF($C7="","",IF($D7="","",IFERROR(ROUND($D7*INDEX('🔖 배합비 참조'!$B$2:$CE$83,MATCH("흑미찹쌀(국내산)",'🔖 배합비 참조'!$A$2:$A$83,0),MATCH($C7,'🔖 배합비 참조'!$B$1:$CE$1,0))/100,0),""))),"") -> 0 | CI7: =IFERROR(IF($C7="","",IF($D7="","",IFERROR(ROUND($D7*INDEX('🔖 배합비 참조'!$B$2:$CE$83,MATCH("찰옥수수전분(미국산)",'🔖 배합비 참조'!$A$2:$A$83,0),MATCH($C7,'🔖 배합비 참조'!$B$1:$CE$1,0))/100,0),""))),"") -> 0 | CL7: 2025-10
A8: 4 | B8: 45943 | C8: 콩고물쑥떡(동부) | D8: 210 | G8: =IFERROR(IF($C8="","",IF($D8="","",IFERROR(ROUND($D8*INDEX('🔖 배합비 참조'!$B$2:$CE$83,MATCH("간장",'🔖 배합비 참조'!$A$2:$A$83,0),MATCH($C8,'🔖 배합비 참조'!$B$1:$CE$1,0))/100,0),""))),"") -> 0 | H8: =IFERROR(IF($C8="","",IF($D8="","",IFERROR(ROUND($D8*INDEX('🔖 배합비 참조'!$B$2:$CE$83,MATCH("강낭콩((울타리콩))",'🔖 배합비 참조'!$A$2:$A$83,0),MATCH($C8,'🔖 배합비 참조'!$B$1:$CE$1,0))/100,0),""))),"") -> 0 | I8: =IFERROR(IF($C8="","",IF($D8="","",IFERROR(ROUND($D8*INDEX('🔖 배합비 참조'!$B$2:$CE$83,MATCH("건조딸기다이스(외국산)",'🔖 배합비 참조'!$A$2:$A$83,0),MATCH($C8,'🔖 배합비 참조'!$B$1:$CE$1,0))/100,0),""))),"") -> 0 | J8: =IFERROR(IF($C8="","",IF($D8="","",IFERROR(ROUND($D8*INDEX('🔖 배합비 참조'!$B$2:$CE$83,MATCH("건포도",'🔖 배합비 참조'!$A$2:$A$83,0),MATCH($C8,'🔖 배합비 참조'!$B$1:$CE$1,0))/100,0),""))),"") -> 0 | K8: =IFERROR(IF($C8="","",IF($D8="","",IFERROR(ROUND($D8*INDEX('🔖 배합비 참조'!$B$2:$CE$83,MATCH("건호박채(중국산)",'🔖 배합비 참조'!$A$2:$A$83,0),MATCH($C8,'🔖 배합비 참조'!$B$1:$CE$1,0))/100,0),""))),"") -> 0 | L8: =IFERROR(IF($C8="","",IF($D8="","",IFERROR(ROUND($D8*INDEX('🔖 배합비 참조'!$B$2:$CE$83,MATCH("검정깨(흑임자)",'🔖 배합비 참조'!$A$2:$A$83,0),MATCH($C8,'🔖 배합비 참조'!$B$1:$CE$1,0))/100,0),""))),"") -> 0 | M8: =IFERROR(IF($C8="","",IF($D8="","",IFERROR(ROUND($D8*INDEX('🔖 배합비 참조'!$B$2:$CE$83,MATCH("검정콩",'🔖 배합비 참조'!$A$2:$A$83,0),MATCH($C8,'🔖 배합비 참조'!$B$1:$CE$1,0))/100,0),""))),"") -> 0 | N8: =IFERROR(IF($C8="","",IF($D8="","",IFERROR(ROUND($D8*INDEX('🔖 배합비 참조'!$B$2:$CE$83,MATCH("계피가루",'🔖 배합비 참조'!$A$2:$A$83,0),MATCH($C8,'🔖 배합비 참조'!$B$1:$CE$1,0))/100,0),""))),"") -> 0 | O8: =IFERROR(IF($C8="","",IF($D8="","",IFERROR(ROUND($D8*INDEX('🔖 배합비 참조'!$B$2:$CE$83,MATCH("고구마가루",'🔖 배합비 참조'!$A$2:$A$83,0),MATCH($C8,'🔖 배합비 참조'!$B$1:$CE$1,0))/100,0),""))),"") -> 0 | P8: =IFERROR(IF($C8="","",IF($D8="","",IFERROR(ROUND($D8*INDEX('🔖 배합비 참조'!$B$2:$CE$83,MATCH("고구마무스",'🔖 배합비 참조'!$A$2:$A$83,0),MATCH($C8,'🔖 배합비 참조'!$B$1:$CE$1,0))/100,0),""))),"") -> 0 | Q8: =IFERROR(IF($C8="","",IF($D8="","",IFERROR(ROUND($D8*INDEX('🔖 배합비 참조'!$B$2:$CE$83,MATCH("고려엉겅퀴((곤드레)국내산)",'🔖 배합비 참조'!$A$2:$A$83,0),MATCH($C8,'🔖 배합비 참조'!$B$1:$CE$1,0))/100,0),""))),"") -> 0 | R8: =IFERROR(IF($C8="","",IF($D8="","",IFERROR(ROUND($D8*INDEX('🔖 배합비 참조'!$B$2:$CE$83,MATCH("기타가공품(복분자가루)",'🔖 배합비 참조'!$A$2:$A$83,0),MATCH($C8,'🔖 배합비 참조'!$B$1:$CE$1,0))/100,0),""))),"") -> 0 | S8: =IFERROR(IF($C8="","",IF($D8="","",IFERROR(ROUND($D8*INDEX('🔖 배합비 참조'!$B$2:$CE$83,MATCH("기타가공품(슈퍼소프트엠)",'🔖 배합비 참조'!$A$2:$A$83,0),MATCH($C8,'🔖 배합비 참조'!$B$1:$CE$1,0))/100,0),""))),"") -> 0 | T8: =IFERROR(IF($C8="","",IF($D8="","",IFERROR(ROUND($D8*INDEX('🔖 배합비 참조'!$B$2:$CE$83,MATCH("기타가공품(파인소프트 E-티)",'🔖 배합비 참조'!$A$2:$A$83,0),MATCH($C8,'🔖 배합비 참조'!$B$1:$CE$1,0))/100,0),""))),"") -> 0 | U8: =IFERROR(IF($C8="","",IF($D8="","",IFERROR(ROUND($D8*INDEX('🔖 배합비 참조'!$B$2:$CE$83,MATCH("기타가공품(프리미엄카스테라가루)",'🔖 배합비 참조'!$A$2:$A$83,0),MATCH($C8,'🔖 배합비 참조'!$B$1:$CE$1,0))/100,0),""))),"") -> 0 | V8: =IFERROR(IF($C8="","",IF($D8="","",IFERROR(ROUND($D8*INDEX('🔖 배합비 참조'!$B$2:$CE$83,MATCH("기타가공품(흑임자가루)",'🔖 배합비 참조'!$A$2:$A$83,0),MATCH($C8,'🔖 배합비 참조'!$B$1:$CE$1,0))/100,0),""))),"") -> 0 | W8: =IFERROR(IF($C8="","",IF($D8="","",IFERROR(ROUND($D8*INDEX('🔖 배합비 참조'!$B$2:$CE$83,MATCH("기타설탕(흑설탕)",'🔖 배합비 참조'!$A$2:$A$83,0),MATCH($C8,'🔖 배합비 참조'!$B$1:$CE$1,0))/100,0),""))),"") -> 0 | X8: =IFERROR(IF($C8="","",IF($D8="","",IFERROR(ROUND($D8*INDEX('🔖 배합비 참조'!$B$2:$CE$83,MATCH("냉동쑥(국내산)",'🔖 배합비 참조'!$A$2:$A$83,0),MATCH($C8,'🔖 배합비 참조'!$B$1:$CE$1,0))/100,0),""))),"") -> 4 | Y8: =IFERROR(IF($C8="","",IF($D8="","",IFERROR(ROUND($D8*INDEX('🔖 배합비 참조'!$B$2:$CE$83,MATCH("냉동증숙고구마(중국산)",'🔖 배합비 참조'!$A$2:$A$83,0),MATCH($C8,'🔖 배합비 참조'!$B$1:$CE$1,0))/100,0),""))),"") -> 0 | Z8: =IFERROR(IF($C8="","",IF($D8="","",IFERROR(ROUND($D8*INDEX('🔖 배합비 참조'!$B$2:$CE$83,MATCH("녹차가루",'🔖 배합비 참조'!$A$2:$A$83,0),MATCH($C8,'🔖 배합비 참조'!$B$1:$CE$1,0))/100,0),""))),"") -> 0 | AA8: =IFERROR(IF($C8="","",IF($D8="","",IFERROR(ROUND($D8*INDEX('🔖 배합비 참조'!$B$2:$CE$83,MATCH("다크초콜릿 컴파운드칩",'🔖 배합비 참조'!$A$2:$A$83,0),MATCH($C8,'🔖 배합비 참조'!$B$1:$CE$1,0))/100,0),""))),"") -> 0 | AB8: =IFERROR(IF($C8="","",IF($D8="","",IFERROR(ROUND($D8*INDEX('🔖 배합비 참조'!$B$2:$CE$83,MATCH("단호박분말(중국산)",'🔖 배합비 참조'!$A$2:$A$83,0),MATCH($C8,'🔖 배합비 참조'!$B$1:$CE$1,0))/100,0),""))),"") -> 0 | AC8: =IFERROR(IF($C8="","",IF($D8="","",IFERROR(ROUND($D8*INDEX('🔖 배합비 참조'!$B$2:$CE$83,MATCH("당류가공품(단호박농축액)",'🔖 배합비 참조'!$A$2:$A$83,0),MATCH($C8,'🔖 배합비 참조'!$B$1:$CE$1,0))/100,0),""))),"") -> 0 | AD8: =IFERROR(IF($C8="","",IF($D8="","",IFERROR(ROUND($D8*INDEX('🔖 배합비 참조'!$B$2:$CE$83,MATCH("당류가공품(알룰로스,에리스리톨,스테비올배당체혼합)",'🔖 배합비 참조'!$A$2:$A$83,0),MATCH($C8,'🔖 배합비 참조'!$B$1:$CE$1,0))/100,0),""))),"") -> 0 | AE8: =IFERROR(IF($C8="","",IF($D8="","",IFERROR(ROUND($D8*INDEX('🔖 배합비 참조'!$B$2:$CE$83,MATCH("당류가공품(알룰로스제로파우더)",'🔖 배합비 참조'!$A$2:$A$83,0),MATCH($C8,'🔖 배합비 참조'!$B$1:$CE$1,0))/100,0),""))),"") -> 0 | AF8: =IFERROR(IF($C8="","",IF($D8="","",IFERROR(ROUND($D8*INDEX('🔖 배합비 참조'!$B$2:$CE$83,MATCH("당절임(완두배기)",'🔖 배합비 참조'!$A$2:$A$83,0),MATCH($C8,'🔖 배합비 참조'!$B$1:$CE$1,0))/100,0),""))),"") -> 0 | AG8: =IFERROR(IF($C8="","",IF($D8="","",IFERROR(ROUND($D8*INDEX('🔖 배합비 참조'!$B$2:$CE$83,MATCH("대추농축액",'🔖 배합비 참조'!$A$2:$A$83,0),MATCH($C8,'🔖 배합비 참조'!$B$1:$CE$1,0))/100,0),""))),"") -> 0 | AH8: =IFERROR(IF($C8="","",IF($D8="","",IFERROR(ROUND($D8*INDEX('🔖 배합비 참조'!$B$2:$CE$83,MATCH("대추채(국내산)",'🔖 배합비 참조'!$A$2:$A$83,0),MATCH($C8,'🔖 배합비 참조'!$B$1:$CE$1,0))/100,0),""))),"") -> 0 | AI8: =IFERROR(IF($C8="","",IF($D8="","",IFERROR(ROUND($D8*INDEX('🔖 배합비 참조'!$B$2:$CE$83,MATCH("동부(미얀마산)",'🔖 배합비 참조'!$A$2:$A$83,0),MATCH($C8,'🔖 배합비 참조'!$B$1:$CE$1,0))/100,0),""))),"") -> 26 | AJ8: =IFERROR(IF($C8="","",IF($D8="","",IFERROR(ROUND($D8*INDEX('🔖 배합비 참조'!$B$2:$CE$83,MATCH("두류가공품(백옥앙금)",'🔖 배합비 참조'!$A$2:$A$83,0),MATCH($C8,'🔖 배합비 참조'!$B$1:$CE$1,0))/100,0),""))),"") -> 0 | AK8: =IFERROR(IF($C8="","",IF($D8="","",IFERROR(ROUND($D8*INDEX('🔖 배합비 참조'!$B$2:$CE$83,MATCH("두류가공품(콩고물)",'🔖 배합비 참조'!$A$2:$A$83,0),MATCH($C8,'🔖 배합비 참조'!$B$1:$CE$1,0))/100,0),""))),"") -> 6 | AL8: =IFERROR(IF($C8="","",IF($D8="","",IFERROR(ROUND($D8*INDEX('🔖 배합비 참조'!$B$2:$CE$83,MATCH("두류가공품(통팥고물)",'🔖 배합비 참조'!$A$2:$A$83,0),MATCH($C8,'🔖 배합비 참조'!$B$1:$CE$1,0))/100,0),""))),"") -> 0 | AM8: =IFERROR(IF($C8="","",IF($D8="","",IFERROR(ROUND($D8*INDEX('🔖 배합비 참조'!$B$2:$CE$83,MATCH("딸기레진",'🔖 배합비 참조'!$A$2:$A$83,0),MATCH($C8,'🔖 배합비 참조'!$B$1:$CE$1,0))/100,0),""))),"") -> 0 | AN8: =IFERROR(IF($C8="","",IF($D8="","",IFERROR(ROUND($D8*INDEX('🔖 배합비 참조'!$B$2:$CE$83,MATCH("딸기분말(스트로우베리에이드(분말))",'🔖 배합비 참조'!$A$2:$A$83,0),MATCH($C8,'🔖 배합비 참조'!$B$1:$CE$1,0))/100,0),""))),"") -> 0 | AO8: =IFERROR(IF($C8="","",IF($D8="","",IFERROR(ROUND($D8*INDEX('🔖 배합비 참조'!$B$2:$CE$83,MATCH("마스카포네치즈",'🔖 배합비 참조'!$A$2:$A$83,0),MATCH($C8,'🔖 배합비 참조'!$B$1:$CE$1,0))/100,0),""))),"") -> 0 | AP8: =IFERROR(IF($C8="","",IF($D8="","",IFERROR(ROUND($D8*INDEX('🔖 배합비 참조'!$B$2:$CE$83,MATCH("마카다미아분태(호주산)",'🔖 배합비 참조'!$A$2:$A$83,0),MATCH($C8,'🔖 배합비 참조'!$B$1:$CE$1,0))/100,0),""))),"") -> 0 | AQ8: =IFERROR(IF($C8="","",IF($D8="","",IFERROR(ROUND($D8*INDEX('🔖 배합비 참조'!$B$2:$CE$83,MATCH("멥쌀(국내산)",'🔖 배합비 참조'!$A$2:$A$83,0),MATCH($C8,'🔖 배합비 참조'!$B$1:$CE$1,0))/100,0),""))),"") -> 0 | AR8: =IFERROR(IF($C8="","",IF($D8="","",IFERROR(ROUND($D8*INDEX('🔖 배합비 참조'!$B$2:$CE$83,MATCH("모시잎(국내산)",'🔖 배합비 참조'!$A$2:$A$83,0),MATCH($C8,'🔖 배합비 참조'!$B$1:$CE$1,0))/100,0),""))),"") -> 0 | AS8: =IFERROR(IF($C8="","",IF($D8="","",IFERROR(ROUND($D8*INDEX('🔖 배합비 참조'!$B$2:$CE$83,MATCH("물엿(저당물엿)",'🔖 배합비 참조'!$A$2:$A$83,0),MATCH($C8,'🔖 배합비 참조'!$B$1:$CE$1,0))/100,0),""))),"") -> 4 | AT8: =IFERROR(IF($C8="","",IF($D8="","",IFERROR(ROUND($D8*INDEX('🔖 배합비 참조'!$B$2:$CE$83,MATCH("밤다이스",'🔖 배합비 참조'!$A$2:$A$83,0),MATCH($C8,'🔖 배합비 참조'!$B$1:$CE$1,0))/100,0),""))),"") -> 0 | AU8: =IFERROR(IF($C8="","",IF($D8="","",IFERROR(ROUND($D8*INDEX('🔖 배합비 참조'!$B$2:$CE$83,MATCH("변성전분(타피오카전분)",'🔖 배합비 참조'!$A$2:$A$83,0),MATCH($C8,'🔖 배합비 참조'!$B$1:$CE$1,0))/100,0),""))),"") -> 0 | AV8: =IFERROR(IF($C8="","",IF($D8="","",IFERROR(ROUND($D8*INDEX('🔖 배합비 참조'!$B$2:$CE$83,MATCH("복음땅콩분태",'🔖 배합비 참조'!$A$2:$A$83,0),MATCH($C8,'🔖 배합비 참조'!$B$1:$CE$1,0))/100,0),""))),"") -> 0 | AW8: =IFERROR(IF($C8="","",IF($D8="","",IFERROR(ROUND($D8*INDEX('🔖 배합비 참조'!$B$2:$CE$83,MATCH("사양벌꿀(국내산)",'🔖 배합비 참조'!$A$2:$A$83,0),MATCH($C8,'🔖 배합비 참조'!$B$1:$CE$1,0))/100,0),""))),"") -> 0 | AX8: =IFERROR(IF($C8="","",IF($D8="","",IFERROR(ROUND($D8*INDEX('🔖 배합비 참조'!$B$2:$CE$83,MATCH("생크림",'🔖 배합비 참조'!$A$2:$A$83,0),MATCH($C8,'🔖 배합비 참조'!$B$1:$CE$1,0))/100,0),""))),"") -> 0 | AY8: =IFERROR(IF($C8="","",IF($D8="","",IFERROR(ROUND($D8*INDEX('🔖 배합비 참조'!$B$2:$CE$83,MATCH("서양호박(국내산,뉴질랜드산)",'🔖 배합비 참조'!$A$2:$A$83,0),MATCH($C8,'🔖 배합비 참조'!$B$1:$CE$1,0))/100,0),""))),"") -> 0 | AZ8: =IFERROR(IF($C8="","",IF($D8="","",IFERROR(ROUND($D8*INDEX('🔖 배합비 참조'!$B$2:$CE$83,MATCH("설탕",'🔖 배합비 참조'!$A$2:$A$83,0),MATCH($C8,'🔖 배합비 참조'!$B$1:$CE$1,0))/100,0),""))),"") -> 4 | BA8: =IFERROR(IF($C8="","",IF($D8="","",IFERROR(ROUND($D8*INDEX('🔖 배합비 참조'!$B$2:$CE$83,MATCH("스트로우베리 에이드 후레쉬",'🔖 배합비 참조'!$A$2:$A$83,0),MATCH($C8,'🔖 배합비 참조'!$B$1:$CE$1,0))/100,0),""))),"") -> 0 | BB8: =IFERROR(IF($C8="","",IF($D8="","",IFERROR(ROUND($D8*INDEX('🔖 배합비 참조'!$B$2:$CE$83,MATCH("식물성기름혼합제제(분홍)",'🔖 배합비 참조'!$A$2:$A$83,0),MATCH($C8,'🔖 배합비 참조'!$B$1:$CE$1,0))/100,0),""))),"") -> 0 | BC8: =IFERROR(IF($C8="","",IF($D8="","",IFERROR(ROUND($D8*INDEX('🔖 배합비 참조'!$B$2:$CE$83,MATCH("식물성기름혼합제제(초록)",'🔖 배합비 참조'!$A$2:$A$83,0),MATCH($C8,'🔖 배합비 참조'!$B$1:$CE$1,0))/100,0),""))),"") -> 0 | BD8: =IFERROR(IF($C8="","",IF($D8="","",IFERROR(ROUND($D8*INDEX('🔖 배합비 참조'!$B$2:$CE$83,MATCH("식물성기름혼합제제(황색)",'🔖 배합비 참조'!$A$2:$A$83,0),MATCH($C8,'🔖 배합비 참조'!$B$1:$CE$1,0))/100,0),""))),"") -> 0 | BE8: =IFERROR(IF($C8="","",IF($D8="","",IFERROR(ROUND($D8*INDEX('🔖 배합비 참조'!$B$2:$CE$83,MATCH("쑥가루(국내산)",'🔖 배합비 참조'!$A$2:$A$83,0),MATCH($C8,'🔖 배합비 참조'!$B$1:$CE$1,0))/100,0),""))),"") -> 2 | BF8: =IFERROR(IF($C8="","",IF($D8="","",IFERROR(ROUND($D8*INDEX('🔖 배합비 참조'!$B$2:$CE$83,MATCH("아몬드슬라이스",'🔖 배합비 참조'!$A$2:$A$83,0),MATCH($C8,'🔖 배합비 참조'!$B$1:$CE$1,0))/100,0),""))),"") -> 0 | BG8: =IFERROR(IF($C8="","",IF($D8="","",IFERROR(ROUND($D8*INDEX('🔖 배합비 참조'!$B$2:$CE$83,MATCH("알룰로오스(국내산)",'🔖 배합비 참조'!$A$2:$A$83,0),MATCH($C8,'🔖 배합비 참조'!$B$1:$CE$1,0))/100,0),""))),"") -> 0 | BH8: =IFERROR(IF($C8="","",IF($D8="","",IFERROR(ROUND($D8*INDEX('🔖 배합비 참조'!$B$2:$CE$83,MATCH("연유",'🔖 배합비 참조'!$A$2:$A$83,0),MATCH($C8,'🔖 배합비 참조'!$B$1:$CE$1,0))/100,0),""))),"") -> 0 | BI8: =IFERROR(IF($C8="","",IF($D8="","",IFERROR(ROUND($D8*INDEX('🔖 배합비 참조'!$B$2:$CE$83,MATCH("옥수수전분",'🔖 배합비 참조'!$A$2:$A$83,0),MATCH($C8,'🔖 배합비 참조'!$B$1:$CE$1,0))/100,0),""))),"") -> 0 | BJ8: =IFERROR(IF($C8="","",IF($D8="","",IFERROR(ROUND($D8*INDEX('🔖 배합비 참조'!$B$2:$CE$83,MATCH("완두배기",'🔖 배합비 참조'!$A$2:$A$83,0),MATCH($C8,'🔖 배합비 참조'!$B$1:$CE$1,0))/100,0),""))),"") -> 0 | BK8: =IFERROR(IF($C8="","",IF($D8="","",IFERROR(ROUND($D8*INDEX('🔖 배합비 참조'!$B$2:$CE$83,MATCH("우유(국내산)",'🔖 배합비 참조'!$A$2:$A$83,0),MATCH($C8,'🔖 배합비 참조'!$B$1:$CE$1,0))/100,0),""))),"") -> 0 | BL8: =IFERROR(IF($C8="","",IF($D8="","",IFERROR(ROUND($D8*INDEX('🔖 배합비 참조'!$B$2:$CE$83,MATCH("자색고구마가루(중국산)",'🔖 배합비 참조'!$A$2:$A$83,0),MATCH($C8,'🔖 배합비 참조'!$B$1:$CE$1,0))/100,0),""))),"") -> 0 | BM8: =IFERROR(IF($C8="","",IF($D8="","",IFERROR(ROUND($D8*INDEX('🔖 배합비 참조'!$B$2:$CE$83,MATCH("자연치즈(체다치즈)",'🔖 배합비 참조'!$A$2:$A$83,0),MATCH($C8,'🔖 배합비 참조'!$B$1:$CE$1,0))/100,0),""))),"") -> 0 | BN8: =IFERROR(IF($C8="","",IF($D8="","",IFERROR(ROUND($D8*INDEX('🔖 배합비 참조'!$B$2:$CE$83,MATCH("정제수",'🔖 배합비 참조'!$A$2:$A$83,0),MATCH($C8,'🔖 배합비 참조'!$B$1:$CE$1,0))/100,0),""))),"") -> 24 | BO8: =IFERROR(IF($C8="","",IF($D8="","",IFERROR(ROUND($D8*INDEX('🔖 배합비 참조'!$B$2:$CE$83,MATCH("젤라틴",'🔖 배합비 참조'!$A$2:$A$83,0),MATCH($C8,'🔖 배합비 참조'!$B$1:$CE$1,0))/100,0),""))),"") -> 0 | BP8: =IFERROR(IF($C8="","",IF($D8="","",IFERROR(ROUND($D8*INDEX('🔖 배합비 참조'!$B$2:$CE$83,MATCH("조림류(백옥앙금)",'🔖 배합비 참조'!$A$2:$A$83,0),MATCH($C8,'🔖 배합비 참조'!$B$1:$CE$1,0))/100,0),""))),"") -> 52 | BQ8: =IFERROR(IF($C8="","",IF($D8="","",IFERROR(ROUND($D8*INDEX('🔖 배합비 참조'!$B$2:$CE$83,MATCH("조림류(통팥앙금)",'🔖 배합비 참조'!$A$2:$A$83,0),MATCH($C8,'🔖 배합비 참조'!$B$1:$CE$1,0))/100,0),""))),"") -> 0 | BR8: =IFERROR(IF($C8="","",IF($D8="","",IFERROR(ROUND($D8*INDEX('🔖 배합비 참조'!$B$2:$CE$83,MATCH("준초콜릿(외국산)",'🔖 배합비 참조'!$A$2:$A$83,0),MATCH($C8,'🔖 배합비 참조'!$B$1:$CE$1,0))/100,0),""))),"") -> 0 | BS8: =IFERROR(IF($C8="","",IF($D8="","",IFERROR(ROUND($D8*INDEX('🔖 배합비 참조'!$B$2:$CE$83,MATCH("중력분",'🔖 배합비 참조'!$A$2:$A$83,0),MATCH($C8,'🔖 배합비 참조'!$B$1:$CE$1,0))/100,0),""))),"") -> 2 | BT8: =IFERROR(IF($C8="","",IF($D8="","",IFERROR(ROUND($D8*INDEX('🔖 배합비 참조'!$B$2:$CE$83,MATCH("참깨(인도산,나이지리아산,탄자니아산,미얀마산)",'🔖 배합비 참조'!$A$2:$A$83,0),MATCH($C8,'🔖 배합비 참조'!$B$1:$CE$1,0))/100,0),""))),"") -> 0 | BU8: =IFERROR(IF($C8="","",IF($D8="","",IFERROR(ROUND($D8*INDEX('🔖 배합비 참조'!$B$2:$CE$83,MATCH("찹쌀(국내산)",'🔖 배합비 참조'!$A$2:$A$83,0),MATCH($C8,'🔖 배합비 참조'!$B$1:$CE$1,0))/100,0),""))),"") -> 83 | BV8: =IFERROR(IF($C8="","",IF($D8="","",IFERROR(ROUND($D8*INDEX('🔖 배합비 참조'!$B$2:$CE$83,MATCH("천일염",'🔖 배합비 참조'!$A$2:$A$83,0),MATCH($C8,'🔖 배합비 참조'!$B$1:$CE$1,0))/100,0),""))),"") -> 1 | BW8: =IFERROR(IF($C8="","",IF($D8="","",IFERROR(ROUND($D8*INDEX('🔖 배합비 참조'!$B$2:$CE$83,MATCH("치즈 [크림치즈]",'🔖 배합비 참조'!$A$2:$A$83,0),MATCH($C8,'🔖 배합비 참조'!$B$1:$CE$1,0))/100,0),""))),"") -> 0 | BX8: =IFERROR(IF($C8="","",IF($D8="","",IFERROR(ROUND($D8*INDEX('🔖 배합비 참조'!$B$2:$CE$83,MATCH("코코아가공품류(코코아분말)",'🔖 배합비 참조'!$A$2:$A$83,0),MATCH($C8,'🔖 배합비 참조'!$B$1:$CE$1,0))/100,0),""))),"") -> 0 | BY8: =IFERROR(IF($C8="","",IF($D8="","",IFERROR(ROUND($D8*INDEX('🔖 배합비 참조'!$B$2:$CE$83,MATCH("콩기름(대두유)",'🔖 배합비 참조'!$A$2:$A$83,0),MATCH($C8,'🔖 배합비 참조'!$B$1:$CE$1,0))/100,0),""))),"") -> 0 | BZ8: =IFERROR(IF($C8="","",IF($D8="","",IFERROR(ROUND($D8*INDEX('🔖 배합비 참조'!$B$2:$CE$83,MATCH("해바라기씨앗",'🔖 배합비 참조'!$A$2:$A$83,0),MATCH($C8,'🔖 배합비 참조'!$B$1:$CE$1,0))/100,0),""))),"") -> 0 | CA8: =IFERROR(IF($C8="","",IF($D8="","",IFERROR(ROUND($D8*INDEX('🔖 배합비 참조'!$B$2:$CE$83,MATCH("현미(국내산)",'🔖 배합비 참조'!$A$2:$A$83,0),MATCH($C8,'🔖 배합비 참조'!$B$1:$CE$1,0))/100,0),""))),"") -> 0 | CB8: =IFERROR(IF($C8="","",IF($D8="","",IFERROR(ROUND($D8*INDEX('🔖 배합비 참조'!$B$2:$CE$83,MATCH("현미멥쌀(국내산)",'🔖 배합비 참조'!$A$2:$A$83,0),MATCH($C8,'🔖 배합비 참조'!$B$1:$CE$1,0))/100,0),""))),"") -> 0 | CC8: =IFERROR(IF($C8="","",IF($D8="","",IFERROR(ROUND($D8*INDEX('🔖 배합비 참조'!$B$2:$CE$83,MATCH("호두분태(미국산)",'🔖 배합비 참조'!$A$2:$A$83,0),MATCH($C8,'🔖 배합비 참조'!$B$1:$CE$1,0))/100,0),""))),"") -> 0 | CD8: =IFERROR(IF($C8="","",IF($D8="","",IFERROR(ROUND($D8*INDEX('🔖 배합비 참조'!$B$2:$CE$83,MATCH("호박씨앗(외국산)",'🔖 배합비 참조'!$A$2:$A$83,0),MATCH($C8,'🔖 배합비 참조'!$B$1:$CE$1,0))/100,0),""))),"") -> 0 | CE8: =IFERROR(IF($C8="","",IF($D8="","",IFERROR(ROUND($D8*INDEX('🔖 배합비 참조'!$B$2:$CE$83,MATCH("혼합제제(떡용에스텔)",'🔖 배합비 참조'!$A$2:$A$83,0),MATCH($C8,'🔖 배합비 참조'!$B$1:$CE$1,0))/100,0),""))),"") -> 1 | CF8: =IFERROR(IF($C8="","",IF($D8="","",IFERROR(ROUND($D8*INDEX('🔖 배합비 참조'!$B$2:$CE$83,MATCH("혼합제제(스테비아)",'🔖 배합비 참조'!$A$2:$A$83,0),MATCH($C8,'🔖 배합비 참조'!$B$1:$CE$1,0))/100,0),""))),"") -> 0 | CG8: =IFERROR(IF($C8="","",IF($D8="","",IFERROR(ROUND($D8*INDEX('🔖 배합비 참조'!$B$2:$CE$83,MATCH("화이트초콜릿",'🔖 배합비 참조'!$A$2:$A$83,0),MATCH($C8,'🔖 배합비 참조'!$B$1:$CE$1,0))/100,0),""))),"") -> 0 | CH8: =IFERROR(IF($C8="","",IF($D8="","",IFERROR(ROUND($D8*INDEX('🔖 배합비 참조'!$B$2:$CE$83,MATCH("흑미찹쌀(국내산)",'🔖 배합비 참조'!$A$2:$A$83,0),MATCH($C8,'🔖 배합비 참조'!$B$1:$CE$1,0))/100,0),""))),"") -> 0 | CI8: =IFERROR(IF($C8="","",IF($D8="","",IFERROR(ROUND($D8*INDEX('🔖 배합비 참조'!$B$2:$CE$83,MATCH("찰옥수수전분(미국산)",'🔖 배합비 참조'!$A$2:$A$83,0),MATCH($C8,'🔖 배합비 참조'!$B$1:$CE$1,0))/100,0),""))),"") -> 0 | CL8: 2025-10
A9: 5 | B9: 45944 | C9: 꿀설기 | D9: 180 | G9: =IFERROR(IF($C9="","",IF($D9="","",IFERROR(ROUND($D9*INDEX('🔖 배합비 참조'!$B$2:$CE$83,MATCH("간장",'🔖 배합비 참조'!$A$2:$A$83,0),MATCH($C9,'🔖 배합비 참조'!$B$1:$CE$1,0))/100,0),""))),"") -> 0 | H9: =IFERROR(IF($C9="","",IF($D9="","",IFERROR(ROUND($D9*INDEX('🔖 배합비 참조'!$B$2:$CE$83,MATCH("강낭콩((울타리콩))",'🔖 배합비 참조'!$A$2:$A$83,0),MATCH($C9,'🔖 배합비 참조'!$B$1:$CE$1,0))/100,0),""))),"") -> 0 | I9: =IFERROR(IF($C9="","",IF($D9="","",IFERROR(ROUND($D9*INDEX('🔖 배합비 참조'!$B$2:$CE$83,MATCH("건조딸기다이스(외국산)",'🔖 배합비 참조'!$A$2:$A$83,0),MATCH($C9,'🔖 배합비 참조'!$B$1:$CE$1,0))/100,0),""))),"") -> 0 | J9: =IFERROR(IF($C9="","",IF($D9="","",IFERROR(ROUND($D9*INDEX('🔖 배합비 참조'!$B$2:$CE$83,MATCH("건포도",'🔖 배합비 참조'!$A$2:$A$83,0),MATCH($C9,'🔖 배합비 참조'!$B$1:$CE$1,0))/100,0),""))),"") -> 0 | K9: =IFERROR(IF($C9="","",IF($D9="","",IFERROR(ROUND($D9*INDEX('🔖 배합비 참조'!$B$2:$CE$83,MATCH("건호박채(중국산)",'🔖 배합비 참조'!$A$2:$A$83,0),MATCH($C9,'🔖 배합비 참조'!$B$1:$CE$1,0))/100,0),""))),"") -> 0 | L9: =IFERROR(IF($C9="","",IF($D9="","",IFERROR(ROUND($D9*INDEX('🔖 배합비 참조'!$B$2:$CE$83,MATCH("검정깨(흑임자)",'🔖 배합비 참조'!$A$2:$A$83,0),MATCH($C9,'🔖 배합비 참조'!$B$1:$CE$1,0))/100,0),""))),"") -> 0 | M9: =IFERROR(IF($C9="","",IF($D9="","",IFERROR(ROUND($D9*INDEX('🔖 배합비 참조'!$B$2:$CE$83,MATCH("검정콩",'🔖 배합비 참조'!$A$2:$A$83,0),MATCH($C9,'🔖 배합비 참조'!$B$1:$CE$1,0))/100,0),""))),"") -> 0 | N9: =IFERROR(IF($C9="","",IF($D9="","",IFERROR(ROUND($D9*INDEX('🔖 배합비 참조'!$B$2:$CE$83,MATCH("계피가루",'🔖 배합비 참조'!$A$2:$A$83,0),MATCH($C9,'🔖 배합비 참조'!$B$1:$CE$1,0))/100,0),""))),"") -> 0 | O9: =IFERROR(IF($C9="","",IF($D9="","",IFERROR(ROUND($D9*INDEX('🔖 배합비 참조'!$B$2:$CE$83,MATCH("고구마가루",'🔖 배합비 참조'!$A$2:$A$83,0),MATCH($C9,'🔖 배합비 참조'!$B$1:$CE$1,0))/100,0),""))),"") -> 0 | P9: =IFERROR(IF($C9="","",IF($D9="","",IFERROR(ROUND($D9*INDEX('🔖 배합비 참조'!$B$2:$CE$83,MATCH("고구마무스",'🔖 배합비 참조'!$A$2:$A$83,0),MATCH($C9,'🔖 배합비 참조'!$B$1:$CE$1,0))/100,0),""))),"") -> 0 | Q9: =IFERROR(IF($C9="","",IF($D9="","",IFERROR(ROUND($D9*INDEX('🔖 배합비 참조'!$B$2:$CE$83,MATCH("고려엉겅퀴((곤드레)국내산)",'🔖 배합비 참조'!$A$2:$A$83,0),MATCH($C9,'🔖 배합비 참조'!$B$1:$CE$1,0))/100,0),""))),"") -> 0 | R9: =IFERROR(IF($C9="","",IF($D9="","",IFERROR(ROUND($D9*INDEX('🔖 배합비 참조'!$B$2:$CE$83,MATCH("기타가공품(복분자가루)",'🔖 배합비 참조'!$A$2:$A$83,0),MATCH($C9,'🔖 배합비 참조'!$B$1:$CE$1,0))/100,0),""))),"") -> 0 | S9: =IFERROR(IF($C9="","",IF($D9="","",IFERROR(ROUND($D9*INDEX('🔖 배합비 참조'!$B$2:$CE$83,MATCH("기타가공품(슈퍼소프트엠)",'🔖 배합비 참조'!$A$2:$A$83,0),MATCH($C9,'🔖 배합비 참조'!$B$1:$CE$1,0))/100,0),""))),"") -> 0 | T9: =IFERROR(IF($C9="","",IF($D9="","",IFERROR(ROUND($D9*INDEX('🔖 배합비 참조'!$B$2:$CE$83,MATCH("기타가공품(파인소프트 E-티)",'🔖 배합비 참조'!$A$2:$A$83,0),MATCH($C9,'🔖 배합비 참조'!$B$1:$CE$1,0))/100,0),""))),"") -> 0 | U9: =IFERROR(IF($C9="","",IF($D9="","",IFERROR(ROUND($D9*INDEX('🔖 배합비 참조'!$B$2:$CE$83,MATCH("기타가공품(프리미엄카스테라가루)",'🔖 배합비 참조'!$A$2:$A$83,0),MATCH($C9,'🔖 배합비 참조'!$B$1:$CE$1,0))/100,0),""))),"") -> 0 | V9: =IFERROR(IF($C9="","",IF($D9="","",IFERROR(ROUND($D9*INDEX('🔖 배합비 참조'!$B$2:$CE$83,MATCH("기타가공품(흑임자가루)",'🔖 배합비 참조'!$A$2:$A$83,0),MATCH($C9,'🔖 배합비 참조'!$B$1:$CE$1,0))/100,0),""))),"") -> 0 | W9: =IFERROR(IF($C9="","",IF($D9="","",IFERROR(ROUND($D9*INDEX('🔖 배합비 참조'!$B$2:$CE$83,MATCH("기타설탕(흑설탕)",'🔖 배합비 참조'!$A$2:$A$83,0),MATCH($C9,'🔖 배합비 참조'!$B$1:$CE$1,0))/100,0),""))),"") -> 15 | X9: =IFERROR(IF($C9="","",IF($D9="","",IFERROR(ROUND($D9*INDEX('🔖 배합비 참조'!$B$2:$CE$83,MATCH("냉동쑥(국내산)",'🔖 배합비 참조'!$A$2:$A$83,0),MATCH($C9,'🔖 배합비 참조'!$B$1:$CE$1,0))/100,0),""))),"") -> 0 | Y9: =IFERROR(IF($C9="","",IF($D9="","",IFERROR(ROUND($D9*INDEX('🔖 배합비 참조'!$B$2:$CE$83,MATCH("냉동증숙고구마(중국산)",'🔖 배합비 참조'!$A$2:$A$83,0),MATCH($C9,'🔖 배합비 참조'!$B$1:$CE$1,0))/100,0),""))),"") -> 0 | Z9: =IFERROR(IF($C9="","",IF($D9="","",IFERROR(ROUND($D9*INDEX('🔖 배합비 참조'!$B$2:$CE$83,MATCH("녹차가루",'🔖 배합비 참조'!$A$2:$A$83,0),MATCH($C9,'🔖 배합비 참조'!$B$1:$CE$1,0))/100,0),""))),"") -> 0 | AA9: =IFERROR(IF($C9="","",IF($D9="","",IFERROR(ROUND($D9*INDEX('🔖 배합비 참조'!$B$2:$CE$83,MATCH("다크초콜릿 컴파운드칩",'🔖 배합비 참조'!$A$2:$A$83,0),MATCH($C9,'🔖 배합비 참조'!$B$1:$CE$1,0))/100,0),""))),"") -> 0 | AB9: =IFERROR(IF($C9="","",IF($D9="","",IFERROR(ROUND($D9*INDEX('🔖 배합비 참조'!$B$2:$CE$83,MATCH("단호박분말(중국산)",'🔖 배합비 참조'!$A$2:$A$83,0),MATCH($C9,'🔖 배합비 참조'!$B$1:$CE$1,0))/100,0),""))),"") -> 0 | AC9: =IFERROR(IF($C9="","",IF($D9="","",IFERROR(ROUND($D9*INDEX('🔖 배합비 참조'!$B$2:$CE$83,MATCH("당류가공품(단호박농축액)",'🔖 배합비 참조'!$A$2:$A$83,0),MATCH($C9,'🔖 배합비 참조'!$B$1:$CE$1,0))/100,0),""))),"") -> 0 | AD9: =IFERROR(IF($C9="","",IF($D9="","",IFERROR(ROUND($D9*INDEX('🔖 배합비 참조'!$B$2:$CE$83,MATCH("당류가공품(알룰로스,에리스리톨,스테비올배당체혼합)",'🔖 배합비 참조'!$A$2:$A$83,0),MATCH($C9,'🔖 배합비 참조'!$B$1:$CE$1,0))/100,0),""))),"") -> 0 | AE9: =IFERROR(IF($C9="","",IF($D9="","",IFERROR(ROUND($D9*INDEX('🔖 배합비 참조'!$B$2:$CE$83,MATCH("당류가공품(알룰로스제로파우더)",'🔖 배합비 참조'!$A$2:$A$83,0),MATCH($C9,'🔖 배합비 참조'!$B$1:$CE$1,0))/100,0),""))),"") -> 0 | AF9: =IFERROR(IF($C9="","",IF($D9="","",IFERROR(ROUND($D9*INDEX('🔖 배합비 참조'!$B$2:$CE$83,MATCH("당절임(완두배기)",'🔖 배합비 참조'!$A$2:$A$83,0),MATCH($C9,'🔖 배합비 참조'!$B$1:$CE$1,0))/100,0),""))),"") -> 0 | AG9: =IFERROR(IF($C9="","",IF($D9="","",IFERROR(ROUND($D9*INDEX('🔖 배합비 참조'!$B$2:$CE$83,MATCH("대추농축액",'🔖 배합비 참조'!$A$2:$A$83,0),MATCH($C9,'🔖 배합비 참조'!$B$1:$CE$1,0))/100,0),""))),"") -> 0 | AH9: =IFERROR(IF($C9="","",IF($D9="","",IFERROR(ROUND($D9*INDEX('🔖 배합비 참조'!$B$2:$CE$83,MATCH("대추채(국내산)",'🔖 배합비 참조'!$A$2:$A$83,0),MATCH($C9,'🔖 배합비 참조'!$B$1:$CE$1,0))/100,0),""))),"") -> 0 | AI9: =IFERROR(IF($C9="","",IF($D9="","",IFERROR(ROUND($D9*INDEX('🔖 배합비 참조'!$B$2:$CE$83,MATCH("동부(미얀마산)",'🔖 배합비 참조'!$A$2:$A$83,0),MATCH($C9,'🔖 배합비 참조'!$B$1:$CE$1,0))/100,0),""))),"") -> 0 | AJ9: =IFERROR(IF($C9="","",IF($D9="","",IFERROR(ROUND($D9*INDEX('🔖 배합비 참조'!$B$2:$CE$83,MATCH("두류가공품(백옥앙금)",'🔖 배합비 참조'!$A$2:$A$83,0),MATCH($C9,'🔖 배합비 참조'!$B$1:$CE$1,0))/100,0),""))),"") -> 0 | AK9: =IFERROR(IF($C9="","",IF($D9="","",IFERROR(ROUND($D9*INDEX('🔖 배합비 참조'!$B$2:$CE$83,MATCH("두류가공품(콩고물)",'🔖 배합비 참조'!$A$2:$A$83,0),MATCH($C9,'🔖 배합비 참조'!$B$1:$CE$1,0))/100,0),""))),"") -> 0 | AL9: =IFERROR(IF($C9="","",IF($D9="","",IFERROR(ROUND($D9*INDEX('🔖 배합비 참조'!$B$2:$CE$83,MATCH("두류가공품(통팥고물)",'🔖 배합비 참조'!$A$2:$A$83,0),MATCH($C9,'🔖 배합비 참조'!$B$1:$CE$1,0))/100,0),""))),"") -> 0 | AM9: =IFERROR(IF($C9="","",IF($D9="","",IFERROR(ROUND($D9*INDEX('🔖 배합비 참조'!$B$2:$CE$83,MATCH("딸기레진",'🔖 배합비 참조'!$A$2:$A$83,0),MATCH($C9,'🔖 배합비 참조'!$B$1:$CE$1,0))/100,0),""))),"") -> 0 | AN9: =IFERROR(IF($C9="","",IF($D9="","",IFERROR(ROUND($D9*INDEX('🔖 배합비 참조'!$B$2:$CE$83,MATCH("딸기분말(스트로우베리에이드(분말))",'🔖 배합비 참조'!$A$2:$A$83,0),MATCH($C9,'🔖 배합비 참조'!$B$1:$CE$1,0))/100,0),""))),"") -> 0 | AO9: =IFERROR(IF($C9="","",IF($D9="","",IFERROR(ROUND($D9*INDEX('🔖 배합비 참조'!$B$2:$CE$83,MATCH("마스카포네치즈",'🔖 배합비 참조'!$A$2:$A$83,0),MATCH($C9,'🔖 배합비 참조'!$B$1:$CE$1,0))/100,0),""))),"") -> 0 | AP9: =IFERROR(IF($C9="","",IF($D9="","",IFERROR(ROUND($D9*INDEX('🔖 배합비 참조'!$B$2:$CE$83,MATCH("마카다미아분태(호주산)",'🔖 배합비 참조'!$A$2:$A$83,0),MATCH($C9,'🔖 배합비 참조'!$B$1:$CE$1,0))/100,0),""))),"") -> 0 | AQ9: =IFERROR(IF($C9="","",IF($D9="","",IFERROR(ROUND($D9*INDEX('🔖 배합비 참조'!$B$2:$CE$83,MATCH("멥쌀(국내산)",'🔖 배합비 참조'!$A$2:$A$83,0),MATCH($C9,'🔖 배합비 참조'!$B$1:$CE$1,0))/100,0),""))),"") -> 121 | AR9: =IFERROR(IF($C9="","",IF($D9="","",IFERROR(ROUND($D9*INDEX('🔖 배합비 참조'!$B$2:$CE$83,MATCH("모시잎(국내산)",'🔖 배합비 참조'!$A$2:$A$83,0),MATCH($C9,'🔖 배합비 참조'!$B$1:$CE$1,0))/100,0),""))),"") -> 0 | AS9: =IFERROR(IF($C9="","",IF($D9="","",IFERROR(ROUND($D9*INDEX('🔖 배합비 참조'!$B$2:$CE$83,MATCH("물엿(저당물엿)",'🔖 배합비 참조'!$A$2:$A$83,0),MATCH($C9,'🔖 배합비 참조'!$B$1:$CE$1,0))/100,0),""))),"") -> 0 | AT9: =IFERROR(IF($C9="","",IF($D9="","",IFERROR(ROUND($D9*INDEX('🔖 배합비 참조'!$B$2:$CE$83,MATCH("밤다이스",'🔖 배합비 참조'!$A$2:$A$83,0),MATCH($C9,'🔖 배합비 참조'!$B$1:$CE$1,0))/100,0),""))),"") -> 0 | AU9: =IFERROR(IF($C9="","",IF($D9="","",IFERROR(ROUND($D9*INDEX('🔖 배합비 참조'!$B$2:$CE$83,MATCH("변성전분(타피오카전분)",'🔖 배합비 참조'!$A$2:$A$83,0),MATCH($C9,'🔖 배합비 참조'!$B$1:$CE$1,0))/100,0),""))),"") -> 0 | AV9: =IFERROR(IF($C9="","",IF($D9="","",IFERROR(ROUND($D9*INDEX('🔖 배합비 참조'!$B$2:$CE$83,MATCH("복음땅콩분태",'🔖 배합비 참조'!$A$2:$A$83,0),MATCH($C9,'🔖 배합비 참조'!$B$1:$CE$1,0))/100,0),""))),"") -> 0 | AW9: =IFERROR(IF($C9="","",IF($D9="","",IFERROR(ROUND($D9*INDEX('🔖 배합비 참조'!$B$2:$CE$83,MATCH("사양벌꿀(국내산)",'🔖 배합비 참조'!$A$2:$A$83,0),MATCH($C9,'🔖 배합비 참조'!$B$1:$CE$1,0))/100,0),""))),"") -> 4 | AX9: =IFERROR(IF($C9="","",IF($D9="","",IFERROR(ROUND($D9*INDEX('🔖 배합비 참조'!$B$2:$CE$83,MATCH("생크림",'🔖 배합비 참조'!$A$2:$A$83,0),MATCH($C9,'🔖 배합비 참조'!$B$1:$CE$1,0))/100,0),""))),"") -> 0 | AY9: =IFERROR(IF($C9="","",IF($D9="","",IFERROR(ROUND($D9*INDEX('🔖 배합비 참조'!$B$2:$CE$83,MATCH("서양호박(국내산,뉴질랜드산)",'🔖 배합비 참조'!$A$2:$A$83,0),MATCH($C9,'🔖 배합비 참조'!$B$1:$CE$1,0))/100,0),""))),"") -> 0 | AZ9: =IFERROR(IF($C9="","",IF($D9="","",IFERROR(ROUND($D9*INDEX('🔖 배합비 참조'!$B$2:$CE$83,MATCH("설탕",'🔖 배합비 참조'!$A$2:$A$83,0),MATCH($C9,'🔖 배합비 참조'!$B$1:$CE$1,0))/100,0),""))),"") -> 15 | BA9: =IFERROR(IF($C9="","",IF($D9="","",IFERROR(ROUND($D9*INDEX('🔖 배합비 참조'!$B$2:$CE$83,MATCH("스트로우베리 에이드 후레쉬",'🔖 배합비 참조'!$A$2:$A$83,0),MATCH($C9,'🔖 배합비 참조'!$B$1:$CE$1,0))/100,0),""))),"") -> 0 | BB9: =IFERROR(IF($C9="","",IF($D9="","",IFERROR(ROUND($D9*INDEX('🔖 배합비 참조'!$B$2:$CE$83,MATCH("식물성기름혼합제제(분홍)",'🔖 배합비 참조'!$A$2:$A$83,0),MATCH($C9,'🔖 배합비 참조'!$B$1:$CE$1,0))/100,0),""))),"") -> 0 | BC9: =IFERROR(IF($C9="","",IF($D9="","",IFERROR(ROUND($D9*INDEX('🔖 배합비 참조'!$B$2:$CE$83,MATCH("식물성기름혼합제제(초록)",'🔖 배합비 참조'!$A$2:$A$83,0),MATCH($C9,'🔖 배합비 참조'!$B$1:$CE$1,0))/100,0),""))),"") -> 0 | BD9: =IFERROR(IF($C9="","",IF($D9="","",IFERROR(ROUND($D9*INDEX('🔖 배합비 참조'!$B$2:$CE$83,MATCH("식물성기름혼합제제(황색)",'🔖 배합비 참조'!$A$2:$A$83,0),MATCH($C9,'🔖 배합비 참조'!$B$1:$CE$1,0))/100,0),""))),"") -> 0 | BE9: =IFERROR(IF($C9="","",IF($D9="","",IFERROR(ROUND($D9*INDEX('🔖 배합비 참조'!$B$2:$CE$83,MATCH("쑥가루(국내산)",'🔖 배합비 참조'!$A$2:$A$83,0),MATCH($C9,'🔖 배합비 참조'!$B$1:$CE$1,0))/100,0),""))),"") -> 0 | BF9: =IFERROR(IF($C9="","",IF($D9="","",IFERROR(ROUND($D9*INDEX('🔖 배합비 참조'!$B$2:$CE$83,MATCH("아몬드슬라이스",'🔖 배합비 참조'!$A$2:$A$83,0),MATCH($C9,'🔖 배합비 참조'!$B$1:$CE$1,0))/100,0),""))),"") -> 0 | BG9: =IFERROR(IF($C9="","",IF($D9="","",IFERROR(ROUND($D9*INDEX('🔖 배합비 참조'!$B$2:$CE$83,MATCH("알룰로오스(국내산)",'🔖 배합비 참조'!$A$2:$A$83,0),MATCH($C9,'🔖 배합비 참조'!$B$1:$CE$1,0))/100,0),""))),"") -> 0 | BH9: =IFERROR(IF($C9="","",IF($D9="","",IFERROR(ROUND($D9*INDEX('🔖 배합비 참조'!$B$2:$CE$83,MATCH("연유",'🔖 배합비 참조'!$A$2:$A$83,0),MATCH($C9,'🔖 배합비 참조'!$B$1:$CE$1,0))/100,0),""))),"") -> 0 | BI9: =IFERROR(IF($C9="","",IF($D9="","",IFERROR(ROUND($D9*INDEX('🔖 배합비 참조'!$B$2:$CE$83,MATCH("옥수수전분",'🔖 배합비 참조'!$A$2:$A$83,0),MATCH($C9,'🔖 배합비 참조'!$B$1:$CE$1,0))/100,0),""))),"") -> 0 | BJ9: =IFERROR(IF($C9="","",IF($D9="","",IFERROR(ROUND($D9*INDEX('🔖 배합비 참조'!$B$2:$CE$83,MATCH("완두배기",'🔖 배합비 참조'!$A$2:$A$83,0),MATCH($C9,'🔖 배합비 참조'!$B$1:$CE$1,0))/100,0),""))),"") -> 0 | BK9: =IFERROR(IF($C9="","",IF($D9="","",IFERROR(ROUND($D9*INDEX('🔖 배합비 참조'!$B$2:$CE$83,MATCH("우유(국내산)",'🔖 배합비 참조'!$A$2:$A$83,0),MATCH($C9,'🔖 배합비 참조'!$B$1:$CE$1,0))/100,0),""))),"") -> 0 | BL9: =IFERROR(IF($C9="","",IF($D9="","",IFERROR(ROUND($D9*INDEX('🔖 배합비 참조'!$B$2:$CE$83,MATCH("자색고구마가루(중국산)",'🔖 배합비 참조'!$A$2:$A$83,0),MATCH($C9,'🔖 배합비 참조'!$B$1:$CE$1,0))/100,0),""))),"") -> 0 | BM9: =IFERROR(IF($C9="","",IF($D9="","",IFERROR(ROUND($D9*INDEX('🔖 배합비 참조'!$B$2:$CE$83,MATCH("자연치즈(체다치즈)",'🔖 배합비 참조'!$A$2:$A$83,0),MATCH($C9,'🔖 배합비 참조'!$B$1:$CE$1,0))/100,0),""))),"") -> 0 | BN9: =IFERROR(IF($C9="","",IF($D9="","",IFERROR(ROUND($D9*INDEX('🔖 배합비 참조'!$B$2:$CE$83,MATCH("정제수",'🔖 배합비 참조'!$A$2:$A$83,0),MATCH($C9,'🔖 배합비 참조'!$B$1:$CE$1,0))/100,0),""))),"") -> 23 | BO9: =IFERROR(IF($C9="","",IF($D9="","",IFERROR(ROUND($D9*INDEX('🔖 배합비 참조'!$B$2:$CE$83,MATCH("젤라틴",'🔖 배합비 참조'!$A$2:$A$83,0),MATCH($C9,'🔖 배합비 참조'!$B$1:$CE$1,0))/100,0),""))),"") -> 0 | BP9: =IFERROR(IF($C9="","",IF($D9="","",IFERROR(ROUND($D9*INDEX('🔖 배합비 참조'!$B$2:$CE$83,MATCH("조림류(백옥앙금)",'🔖 배합비 참조'!$A$2:$A$83,0),MATCH($C9,'🔖 배합비 참조'!$B$1:$CE$1,0))/100,0),""))),"") -> 0 | BQ9: =IFERROR(IF($C9="","",IF($D9="","",IFERROR(ROUND($D9*INDEX('🔖 배합비 참조'!$B$2:$CE$83,MATCH("조림류(통팥앙금)",'🔖 배합비 참조'!$A$2:$A$83,0),MATCH($C9,'🔖 배합비 참조'!$B$1:$CE$1,0))/100,0),""))),"") -> 0 | BR9: =IFERROR(IF($C9="","",IF($D9="","",IFERROR(ROUND($D9*INDEX('🔖 배합비 참조'!$B$2:$CE$83,MATCH("준초콜릿(외국산)",'🔖 배합비 참조'!$A$2:$A$83,0),MATCH($C9,'🔖 배합비 참조'!$B$1:$CE$1,0))/100,0),""))),"") -> 0 | BS9: =IFERROR(IF($C9="","",IF($D9="","",IFERROR(ROUND($D9*INDEX('🔖 배합비 참조'!$B$2:$CE$83,MATCH("중력분",'🔖 배합비 참조'!$A$2:$A$83,0),MATCH($C9,'🔖 배합비 참조'!$B$1:$CE$1,0))/100,0),""))),"") -> 0 | BT9: =IFERROR(IF($C9="","",IF($D9="","",IFERROR(ROUND($D9*INDEX('🔖 배합비 참조'!$B$2:$CE$83,MATCH("참깨(인도산,나이지리아산,탄자니아산,미얀마산)",'🔖 배합비 참조'!$A$2:$A$83,0),MATCH($C9,'🔖 배합비 참조'!$B$1:$CE$1,0))/100,0),""))),"") -> 0 | BU9: =IFERROR(IF($C9="","",IF($D9="","",IFERROR(ROUND($D9*INDEX('🔖 배합비 참조'!$B$2:$CE$83,MATCH("찹쌀(국내산)",'🔖 배합비 참조'!$A$2:$A$83,0),MATCH($C9,'🔖 배합비 참조'!$B$1:$CE$1,0))/100,0),""))),"") -> 0 | BV9: =IFERROR(IF($C9="","",IF($D9="","",IFERROR(ROUND($D9*INDEX('🔖 배합비 참조'!$B$2:$CE$83,MATCH("천일염",'🔖 배합비 참조'!$A$2:$A$83,0),MATCH($C9,'🔖 배합비 참조'!$B$1:$CE$1,0))/100,0),""))),"") -> 2 | BW9: =IFERROR(IF($C9="","",IF($D9="","",IFERROR(ROUND($D9*INDEX('🔖 배합비 참조'!$B$2:$CE$83,MATCH("치즈 [크림치즈]",'🔖 배합비 참조'!$A$2:$A$83,0),MATCH($C9,'🔖 배합비 참조'!$B$1:$CE$1,0))/100,0),""))),"") -> 0 | BX9: =IFERROR(IF($C9="","",IF($D9="","",IFERROR(ROUND($D9*INDEX('🔖 배합비 참조'!$B$2:$CE$83,MATCH("코코아가공품류(코코아분말)",'🔖 배합비 참조'!$A$2:$A$83,0),MATCH($C9,'🔖 배합비 참조'!$B$1:$CE$1,0))/100,0),""))),"") -> 0 | BY9: =IFERROR(IF($C9="","",IF($D9="","",IFERROR(ROUND($D9*INDEX('🔖 배합비 참조'!$B$2:$CE$83,MATCH("콩기름(대두유)",'🔖 배합비 참조'!$A$2:$A$83,0),MATCH($C9,'🔖 배합비 참조'!$B$1:$CE$1,0))/100,0),""))),"") -> 0 | BZ9: =IFERROR(IF($C9="","",IF($D9="","",IFERROR(ROUND($D9*INDEX('🔖 배합비 참조'!$B$2:$CE$83,MATCH("해바라기씨앗",'🔖 배합비 참조'!$A$2:$A$83,0),MATCH($C9,'🔖 배합비 참조'!$B$1:$CE$1,0))/100,0),""))),"") -> 0 | CA9: =IFERROR(IF($C9="","",IF($D9="","",IFERROR(ROUND($D9*INDEX('🔖 배합비 참조'!$B$2:$CE$83,MATCH("현미(국내산)",'🔖 배합비 참조'!$A$2:$A$83,0),MATCH($C9,'🔖 배합비 참조'!$B$1:$CE$1,0))/100,0),""))),"") -> 0 | CB9: =IFERROR(IF($C9="","",IF($D9="","",IFERROR(ROUND($D9*INDEX('🔖 배합비 참조'!$B$2:$CE$83,MATCH("현미멥쌀(국내산)",'🔖 배합비 참조'!$A$2:$A$83,0),MATCH($C9,'🔖 배합비 참조'!$B$1:$CE$1,0))/100,0),""))),"") -> 0 | CC9: =IFERROR(IF($C9="","",IF($D9="","",IFERROR(ROUND($D9*INDEX('🔖 배합비 참조'!$B$2:$CE$83,MATCH("호두분태(미국산)",'🔖 배합비 참조'!$A$2:$A$83,0),MATCH($C9,'🔖 배합비 참조'!$B$1:$CE$1,0))/100,0),""))),"") -> 0 | CD9: =IFERROR(IF($C9="","",IF($D9="","",IFERROR(ROUND($D9*INDEX('🔖 배합비 참조'!$B$2:$CE$83,MATCH("호박씨앗(외국산)",'🔖 배합비 참조'!$A$2:$A$83,0),MATCH($C9,'🔖 배합비 참조'!$B$1:$CE$1,0))/100,0),""))),"") -> 0 | CE9: =IFERROR(IF($C9="","",IF($D9="","",IFERROR(ROUND($D9*INDEX('🔖 배합비 참조'!$B$2:$CE$83,MATCH("혼합제제(떡용에스텔)",'🔖 배합비 참조'!$A$2:$A$83,0),MATCH($C9,'🔖 배합비 참조'!$B$1:$CE$1,0))/100,0),""))),"") -> 0 | CF9: =IFERROR(IF($C9="","",IF($D9="","",IFERROR(ROUND($D9*INDEX('🔖 배합비 참조'!$B$2:$CE$83,MATCH("혼합제제(스테비아)",'🔖 배합비 참조'!$A$2:$A$83,0),MATCH($C9,'🔖 배합비 참조'!$B$1:$CE$1,0))/100,0),""))),"") -> 0 | CG9: =IFERROR(IF($C9="","",IF($D9="","",IFERROR(ROUND($D9*INDEX('🔖 배합비 참조'!$B$2:$CE$83,MATCH("화이트초콜릿",'🔖 배합비 참조'!$A$2:$A$83,0),MATCH($C9,'🔖 배합비 참조'!$B$1:$CE$1,0))/100,0),""))),"") -> 0 | CH9: =IFERROR(IF($C9="","",IF($D9="","",IFERROR(ROUND($D9*INDEX('🔖 배합비 참조'!$B$2:$CE$83,MATCH("흑미찹쌀(국내산)",'🔖 배합비 참조'!$A$2:$A$83,0),MATCH($C9,'🔖 배합비 참조'!$B$1:$CE$1,0))/100,0),""))),"") -> 0 | CI9: =IFERROR(IF($C9="","",IF($D9="","",IFERROR(ROUND($D9*INDEX('🔖 배합비 참조'!$B$2:$CE$83,MATCH("찰옥수수전분(미국산)",'🔖 배합비 참조'!$A$2:$A$83,0),MATCH($C9,'🔖 배합비 참조'!$B$1:$CE$1,0))/100,0),""))),"") -> 0 | CL9: 2025-10
A10: 6 | B10: 45945 | C10: 꿀설기 | D10: 60 | G10: =IFERROR(IF($C10="","",IF($D10="","",IFERROR(ROUND($D10*INDEX('🔖 배합비 참조'!$B$2:$CE$83,MATCH("간장",'🔖 배합비 참조'!$A$2:$A$83,0),MATCH($C10,'🔖 배합비 참조'!$B$1:$CE$1,0))/100,0),""))),"") -> 0 | H10: =IFERROR(IF($C10="","",IF($D10="","",IFERROR(ROUND($D10*INDEX('🔖 배합비 참조'!$B$2:$CE$83,MATCH("강낭콩((울타리콩))",'🔖 배합비 참조'!$A$2:$A$83,0),MATCH($C10,'🔖 배합비 참조'!$B$1:$CE$1,0))/100,0),""))),"") -> 0 | I10: =IFERROR(IF($C10="","",IF($D10="","",IFERROR(ROUND($D10*INDEX('🔖 배합비 참조'!$B$2:$CE$83,MATCH("건조딸기다이스(외국산)",'🔖 배합비 참조'!$A$2:$A$83,0),MATCH($C10,'🔖 배합비 참조'!$B$1:$CE$1,0))/100,0),""))),"") -> 0 | J10: =IFERROR(IF($C10="","",IF($D10="","",IFERROR(ROUND($D10*INDEX('🔖 배합비 참조'!$B$2:$CE$83,MATCH("건포도",'🔖 배합비 참조'!$A$2:$A$83,0),MATCH($C10,'🔖 배합비 참조'!$B$1:$CE$1,0))/100,0),""))),"") -> 0 | K10: =IFERROR(IF($C10="","",IF($D10="","",IFERROR(ROUND($D10*INDEX('🔖 배합비 참조'!$B$2:$CE$83,MATCH("건호박채(중국산)",'🔖 배합비 참조'!$A$2:$A$83,0),MATCH($C10,'🔖 배합비 참조'!$B$1:$CE$1,0))/100,0),""))),"") -> 0 | L10: =IFERROR(IF($C10="","",IF($D10="","",IFERROR(ROUND($D10*INDEX('🔖 배합비 참조'!$B$2:$CE$83,MATCH("검정깨(흑임자)",'🔖 배합비 참조'!$A$2:$A$83,0),MATCH($C10,'🔖 배합비 참조'!$B$1:$CE$1,0))/100,0),""))),"") -> 0 | M10: =IFERROR(IF($C10="","",IF($D10="","",IFERROR(ROUND($D10*INDEX('🔖 배합비 참조'!$B$2:$CE$83,MATCH("검정콩",'🔖 배합비 참조'!$A$2:$A$83,0),MATCH($C10,'🔖 배합비 참조'!$B$1:$CE$1,0))/100,0),""))),"") -> 0 | N10: =IFERROR(IF($C10="","",IF($D10="","",IFERROR(ROUND($D10*INDEX('🔖 배합비 참조'!$B$2:$CE$83,MATCH("계피가루",'🔖 배합비 참조'!$A$2:$A$83,0),MATCH($C10,'🔖 배합비 참조'!$B$1:$CE$1,0))/100,0),""))),"") -> 0 | O10: =IFERROR(IF($C10="","",IF($D10="","",IFERROR(ROUND($D10*INDEX('🔖 배합비 참조'!$B$2:$CE$83,MATCH("고구마가루",'🔖 배합비 참조'!$A$2:$A$83,0),MATCH($C10,'🔖 배합비 참조'!$B$1:$CE$1,0))/100,0),""))),"") -> 0 | P10: =IFERROR(IF($C10="","",IF($D10="","",IFERROR(ROUND($D10*INDEX('🔖 배합비 참조'!$B$2:$CE$83,MATCH("고구마무스",'🔖 배합비 참조'!$A$2:$A$83,0),MATCH($C10,'🔖 배합비 참조'!$B$1:$CE$1,0))/100,0),""))),"") -> 0 | Q10: =IFERROR(IF($C10="","",IF($D10="","",IFERROR(ROUND($D10*INDEX('🔖 배합비 참조'!$B$2:$CE$83,MATCH("고려엉겅퀴((곤드레)국내산)",'🔖 배합비 참조'!$A$2:$A$83,0),MATCH($C10,'🔖 배합비 참조'!$B$1:$CE$1,0))/100,0),""))),"") -> 0 | R10: =IFERROR(IF($C10="","",IF($D10="","",IFERROR(ROUND($D10*INDEX('🔖 배합비 참조'!$B$2:$CE$83,MATCH("기타가공품(복분자가루)",'🔖 배합비 참조'!$A$2:$A$83,0),MATCH($C10,'🔖 배합비 참조'!$B$1:$CE$1,0))/100,0),""))),"") -> 0 | S10: =IFERROR(IF($C10="","",IF($D10="","",IFERROR(ROUND($D10*INDEX('🔖 배합비 참조'!$B$2:$CE$83,MATCH("기타가공품(슈퍼소프트엠)",'🔖 배합비 참조'!$A$2:$A$83,0),MATCH($C10,'🔖 배합비 참조'!$B$1:$CE$1,0))/100,0),""))),"") -> 0 | T10: =IFERROR(IF($C10="","",IF($D10="","",IFERROR(ROUND($D10*INDEX('🔖 배합비 참조'!$B$2:$CE$83,MATCH("기타가공품(파인소프트 E-티)",'🔖 배합비 참조'!$A$2:$A$83,0),MATCH($C10,'🔖 배합비 참조'!$B$1:$CE$1,0))/100,0),""))),"") -> 0 | U10: =IFERROR(IF($C10="","",IF($D10="","",IFERROR(ROUND($D10*INDEX('🔖 배합비 참조'!$B$2:$CE$83,MATCH("기타가공품(프리미엄카스테라가루)",'🔖 배합비 참조'!$A$2:$A$83,0),MATCH($C10,'🔖 배합비 참조'!$B$1:$CE$1,0))/100,0),""))),"") -> 0 | V10: =IFERROR(IF($C10="","",IF($D10="","",IFERROR(ROUND($D10*INDEX('🔖 배합비 참조'!$B$2:$CE$83,MATCH("기타가공품(흑임자가루)",'🔖 배합비 참조'!$A$2:$A$83,0),MATCH($C10,'🔖 배합비 참조'!$B$1:$CE$1,0))/100,0),""))),"") -> 0 | W10: =IFERROR(IF($C10="","",IF($D10="","",IFERROR(ROUND($D10*INDEX('🔖 배합비 참조'!$B$2:$CE$83,MATCH("기타설탕(흑설탕)",'🔖 배합비 참조'!$A$2:$A$83,0),MATCH($C10,'🔖 배합비 참조'!$B$1:$CE$1,0))/100,0),""))),"") -> 5 | X10: =IFERROR(IF($C10="","",IF($D10="","",IFERROR(ROUND($D10*INDEX('🔖 배합비 참조'!$B$2:$CE$83,MATCH("냉동쑥(국내산)",'🔖 배합비 참조'!$A$2:$A$83,0),MATCH($C10,'🔖 배합비 참조'!$B$1:$CE$1,0))/100,0),""))),"") -> 0 | Y10: =IFERROR(IF($C10="","",IF($D10="","",IFERROR(ROUND($D10*INDEX('🔖 배합비 참조'!$B$2:$CE$83,MATCH("냉동증숙고구마(중국산)",'🔖 배합비 참조'!$A$2:$A$83,0),MATCH($C10,'🔖 배합비 참조'!$B$1:$CE$1,0))/100,0),""))),"") -> 0 | Z10: =IFERROR(IF($C10="","",IF($D10="","",IFERROR(ROUND($D10*INDEX('🔖 배합비 참조'!$B$2:$CE$83,MATCH("녹차가루",'🔖 배합비 참조'!$A$2:$A$83,0),MATCH($C10,'🔖 배합비 참조'!$B$1:$CE$1,0))/100,0),""))),"") -> 0 | AA10: =IFERROR(IF($C10="","",IF($D10="","",IFERROR(ROUND($D10*INDEX('🔖 배합비 참조'!$B$2:$CE$83,MATCH("다크초콜릿 컴파운드칩",'🔖 배합비 참조'!$A$2:$A$83,0),MATCH($C10,'🔖 배합비 참조'!$B$1:$CE$1,0))/100,0),""))),"") -> 0 | AB10: =IFERROR(IF($C10="","",IF($D10="","",IFERROR(ROUND($D10*INDEX('🔖 배합비 참조'!$B$2:$CE$83,MATCH("단호박분말(중국산)",'🔖 배합비 참조'!$A$2:$A$83,0),MATCH($C10,'🔖 배합비 참조'!$B$1:$CE$1,0))/100,0),""))),"") -> 0 | AC10: =IFERROR(IF($C10="","",IF($D10="","",IFERROR(ROUND($D10*INDEX('🔖 배합비 참조'!$B$2:$CE$83,MATCH("당류가공품(단호박농축액)",'🔖 배합비 참조'!$A$2:$A$83,0),MATCH($C10,'🔖 배합비 참조'!$B$1:$CE$1,0))/100,0),""))),"") -> 0 | AD10: =IFERROR(IF($C10="","",IF($D10="","",IFERROR(ROUND($D10*INDEX('🔖 배합비 참조'!$B$2:$CE$83,MATCH("당류가공품(알룰로스,에리스리톨,스테비올배당체혼합)",'🔖 배합비 참조'!$A$2:$A$83,0),MATCH($C10,'🔖 배합비 참조'!$B$1:$CE$1,0))/100,0),""))),"") -> 0 | AE10: =IFERROR(IF($C10="","",IF($D10="","",IFERROR(ROUND($D10*INDEX('🔖 배합비 참조'!$B$2:$CE$83,MATCH("당류가공품(알룰로스제로파우더)",'🔖 배합비 참조'!$A$2:$A$83,0),MATCH($C10,'🔖 배합비 참조'!$B$1:$CE$1,0))/100,0),""))),"") -> 0 | AF10: =IFERROR(IF($C10="","",IF($D10="","",IFERROR(ROUND($D10*INDEX('🔖 배합비 참조'!$B$2:$CE$83,MATCH("당절임(완두배기)",'🔖 배합비 참조'!$A$2:$A$83,0),MATCH($C10,'🔖 배합비 참조'!$B$1:$CE$1,0))/100,0),""))),"") -> 0 | AG10: =IFERROR(IF($C10="","",IF($D10="","",IFERROR(ROUND($D10*INDEX('🔖 배합비 참조'!$B$2:$CE$83,MATCH("대추농축액",'🔖 배합비 참조'!$A$2:$A$83,0),MATCH($C10,'🔖 배합비 참조'!$B$1:$CE$1,0))/100,0),""))),"") -> 0 | AH10: =IFERROR(IF($C10="","",IF($D10="","",IFERROR(ROUND($D10*INDEX('🔖 배합비 참조'!$B$2:$CE$83,MATCH("대추채(국내산)",'🔖 배합비 참조'!$A$2:$A$83,0),MATCH($C10,'🔖 배합비 참조'!$B$1:$CE$1,0))/100,0),""))),"") -> 0 | AI10: =IFERROR(IF($C10="","",IF($D10="","",IFERROR(ROUND($D10*INDEX('🔖 배합비 참조'!$B$2:$CE$83,MATCH("동부(미얀마산)",'🔖 배합비 참조'!$A$2:$A$83,0),MATCH($C10,'🔖 배합비 참조'!$B$1:$CE$1,0))/100,0),""))),"") -> 0 | AJ10: =IFERROR(IF($C10="","",IF($D10="","",IFERROR(ROUND($D10*INDEX('🔖 배합비 참조'!$B$2:$CE$83,MATCH("두류가공품(백옥앙금)",'🔖 배합비 참조'!$A$2:$A$83,0),MATCH($C10,'🔖 배합비 참조'!$B$1:$CE$1,0))/100,0),""))),"") -> 0 | AK10: =IFERROR(IF($C10="","",IF($D10="","",IFERROR(ROUND($D10*INDEX('🔖 배합비 참조'!$B$2:$CE$83,MATCH("두류가공품(콩고물)",'🔖 배합비 참조'!$A$2:$A$83,0),MATCH($C10,'🔖 배합비 참조'!$B$1:$CE$1,0))/100,0),""))),"") -> 0 | AL10: =IFERROR(IF($C10="","",IF($D10="","",IFERROR(ROUND($D10*INDEX('🔖 배합비 참조'!$B$2:$CE$83,MATCH("두류가공품(통팥고물)",'🔖 배합비 참조'!$A$2:$A$83,0),MATCH($C10,'🔖 배합비 참조'!$B$1:$CE$1,0))/100,0),""))),"") -> 0 | AM10: =IFERROR(IF($C10="","",IF($D10="","",IFERROR(ROUND($D10*INDEX('🔖 배합비 참조'!$B$2:$CE$83,MATCH("딸기레진",'🔖 배합비 참조'!$A$2:$A$83,0),MATCH($C10,'🔖 배합비 참조'!$B$1:$CE$1,0))/100,0),""))),"") -> 0 | AN10: =IFERROR(IF($C10="","",IF($D10="","",IFERROR(ROUND($D10*INDEX('🔖 배합비 참조'!$B$2:$CE$83,MATCH("딸기분말(스트로우베리에이드(분말))",'🔖 배합비 참조'!$A$2:$A$83,0),MATCH($C10,'🔖 배합비 참조'!$B$1:$CE$1,0))/100,0),""))),"") -> 0 | AO10: =IFERROR(IF($C10="","",IF($D10="","",IFERROR(ROUND($D10*INDEX('🔖 배합비 참조'!$B$2:$CE$83,MATCH("마스카포네치즈",'🔖 배합비 참조'!$A$2:$A$83,0),MATCH($C10,'🔖 배합비 참조'!$B$1:$CE$1,0))/100,0),""))),"") -> 0 | AP10: =IFERROR(IF($C10="","",IF($D10="","",IFERROR(ROUND($D10*INDEX('🔖 배합비 참조'!$B$2:$CE$83,MATCH("마카다미아분태(호주산)",'🔖 배합비 참조'!$A$2:$A$83,0),MATCH($C10,'🔖 배합비 참조'!$B$1:$CE$1,0))/100,0),""))),"") -> 0 | AQ10: =IFERROR(IF($C10="","",IF($D10="","",IFERROR(ROUND($D10*INDEX('🔖 배합비 참조'!$B$2:$CE$83,MATCH("멥쌀(국내산)",'🔖 배합비 참조'!$A$2:$A$83,0),MATCH($C10,'🔖 배합비 참조'!$B$1:$CE$1,0))/100,0),""))),"") -> 40 | AR10: =IFERROR(IF($C10="","",IF($D10="","",IFERROR(ROUND($D10*INDEX('🔖 배합비 참조'!$B$2:$CE$83,MATCH("모시잎(국내산)",'🔖 배합비 참조'!$A$2:$A$83,0),MATCH($C10,'🔖 배합비 참조'!$B$1:$CE$1,0))/100,0),""))),"") -> 0 | AS10: =IFERROR(IF($C10="","",IF($D10="","",IFERROR(ROUND($D10*INDEX('🔖 배합비 참조'!$B$2:$CE$83,MATCH("물엿(저당물엿)",'🔖 배합비 참조'!$A$2:$A$83,0),MATCH($C10,'🔖 배합비 참조'!$B$1:$CE$1,0))/100,0),""))),"") -> 0 | AT10: =IFERROR(IF($C10="","",IF($D10="","",IFERROR(ROUND($D10*INDEX('🔖 배합비 참조'!$B$2:$CE$83,MATCH("밤다이스",'🔖 배합비 참조'!$A$2:$A$83,0),MATCH($C10,'🔖 배합비 참조'!$B$1:$CE$1,0))/100,0),""))),"") -> 0 | AU10: =IFERROR(IF($C10="","",IF($D10="","",IFERROR(ROUND($D10*INDEX('🔖 배합비 참조'!$B$2:$CE$83,MATCH("변성전분(타피오카전분)",'🔖 배합비 참조'!$A$2:$A$83,0),MATCH($C10,'🔖 배합비 참조'!$B$1:$CE$1,0))/100,0),""))),"") -> 0 | AV10: =IFERROR(IF($C10="","",IF($D10="","",IFERROR(ROUND($D10*INDEX('🔖 배합비 참조'!$B$2:$CE$83,MATCH("복음땅콩분태",'🔖 배합비 참조'!$A$2:$A$83,0),MATCH($C10,'🔖 배합비 참조'!$B$1:$CE$1,0))/100,0),""))),"") -> 0 | AW10: =IFERROR(IF($C10="","",IF($D10="","",IFERROR(ROUND($D10*INDEX('🔖 배합비 참조'!$B$2:$CE$83,MATCH("사양벌꿀(국내산)",'🔖 배합비 참조'!$A$2:$A$83,0),MATCH($C10,'🔖 배합비 참조'!$B$1:$CE$1,0))/100,0),""))),"") -> 1 | AX10: =IFERROR(IF($C10="","",IF($D10="","",IFERROR(ROUND($D10*INDEX('🔖 배합비 참조'!$B$2:$CE$83,MATCH("생크림",'🔖 배합비 참조'!$A$2:$A$83,0),MATCH($C10,'🔖 배합비 참조'!$B$1:$CE$1,0))/100,0),""))),"") -> 0 | AY10: =IFERROR(IF($C10="","",IF($D10="","",IFERROR(ROUND($D10*INDEX('🔖 배합비 참조'!$B$2:$CE$83,MATCH("서양호박(국내산,뉴질랜드산)",'🔖 배합비 참조'!$A$2:$A$83,0),MATCH($C10,'🔖 배합비 참조'!$B$1:$CE$1,0))/100,0),""))),"") -> 0 | AZ10: =IFERROR(IF($C10="","",IF($D10="","",IFERROR(ROUND($D10*INDEX('🔖 배합비 참조'!$B$2:$CE$83,MATCH("설탕",'🔖 배합비 참조'!$A$2:$A$83,0),MATCH($C10,'🔖 배합비 참조'!$B$1:$CE$1,0))/100,0),""))),"") -> 5 | BA10: =IFERROR(IF($C10="","",IF($D10="","",IFERROR(ROUND($D10*INDEX('🔖 배합비 참조'!$B$2:$CE$83,MATCH("스트로우베리 에이드 후레쉬",'🔖 배합비 참조'!$A$2:$A$83,0),MATCH($C10,'🔖 배합비 참조'!$B$1:$CE$1,0))/100,0),""))),"") -> 0 | BB10: =IFERROR(IF($C10="","",IF($D10="","",IFERROR(ROUND($D10*INDEX('🔖 배합비 참조'!$B$2:$CE$83,MATCH("식물성기름혼합제제(분홍)",'🔖 배합비 참조'!$A$2:$A$83,0),MATCH($C10,'🔖 배합비 참조'!$B$1:$CE$1,0))/100,0),""))),"") -> 0 | BC10: =IFERROR(IF($C10="","",IF($D10="","",IFERROR(ROUND($D10*INDEX('🔖 배합비 참조'!$B$2:$CE$83,MATCH("식물성기름혼합제제(초록)",'🔖 배합비 참조'!$A$2:$A$83,0),MATCH($C10,'🔖 배합비 참조'!$B$1:$CE$1,0))/100,0),""))),"") -> 0 | BD10: =IFERROR(IF($C10="","",IF($D10="","",IFERROR(ROUND($D10*INDEX('🔖 배합비 참조'!$B$2:$CE$83,MATCH("식물성기름혼합제제(황색)",'🔖 배합비 참조'!$A$2:$A$83,0),MATCH($C10,'🔖 배합비 참조'!$B$1:$CE$1,0))/100,0),""))),"") -> 0 | BE10: =IFERROR(IF($C10="","",IF($D10="","",IFERROR(ROUND($D10*INDEX('🔖 배합비 참조'!$B$2:$CE$83,MATCH("쑥가루(국내산)",'🔖 배합비 참조'!$A$2:$A$83,0),MATCH($C10,'🔖 배합비 참조'!$B$1:$CE$1,0))/100,0),""))),"") -> 0 | BF10: =IFERROR(IF($C10="","",IF($D10="","",IFERROR(ROUND($D10*INDEX('🔖 배합비 참조'!$B$2:$CE$83,MATCH("아몬드슬라이스",'🔖 배합비 참조'!$A$2:$A$83,0),MATCH($C10,'🔖 배합비 참조'!$B$1:$CE$1,0))/100,0),""))),"") -> 0 | BG10: =IFERROR(IF($C10="","",IF($D10="","",IFERROR(ROUND($D10*INDEX('🔖 배합비 참조'!$B$2:$CE$83,MATCH("알룰로오스(국내산)",'🔖 배합비 참조'!$A$2:$A$83,0),MATCH($C10,'🔖 배합비 참조'!$B$1:$CE$1,0))/100,0),""))),"") -> 0 | BH10: =IFERROR(IF($C10="","",IF($D10="","",IFERROR(ROUND($D10*INDEX('🔖 배합비 참조'!$B$2:$CE$83,MATCH("연유",'🔖 배합비 참조'!$A$2:$A$83,0),MATCH($C10,'🔖 배합비 참조'!$B$1:$CE$1,0))/100,0),""))),"") -> 0 | BI10: =IFERROR(IF($C10="","",IF($D10="","",IFERROR(ROUND($D10*INDEX('🔖 배합비 참조'!$B$2:$CE$83,MATCH("옥수수전분",'🔖 배합비 참조'!$A$2:$A$83,0),MATCH($C10,'🔖 배합비 참조'!$B$1:$CE$1,0))/100,0),""))),"") -> 0 | BJ10: =IFERROR(IF($C10="","",IF($D10="","",IFERROR(ROUND($D10*INDEX('🔖 배합비 참조'!$B$2:$CE$83,MATCH("완두배기",'🔖 배합비 참조'!$A$2:$A$83,0),MATCH($C10,'🔖 배합비 참조'!$B$1:$CE$1,0))/100,0),""))),"") -> 0 | BK10: =IFERROR(IF($C10="","",IF($D10="","",IFERROR(ROUND($D10*INDEX('🔖 배합비 참조'!$B$2:$CE$83,MATCH("우유(국내산)",'🔖 배합비 참조'!$A$2:$A$83,0),MATCH($C10,'🔖 배합비 참조'!$B$1:$CE$1,0))/100,0),""))),"") -> 0 | BL10: =IFERROR(IF($C10="","",IF($D10="","",IFERROR(ROUND($D10*INDEX('🔖 배합비 참조'!$B$2:$CE$83,MATCH("자색고구마가루(중국산)",'🔖 배합비 참조'!$A$2:$A$83,0),MATCH($C10,'🔖 배합비 참조'!$B$1:$CE$1,0))/100,0),""))),"") -> 0 | BM10: =IFERROR(IF($C10="","",IF($D10="","",IFERROR(ROUND($D10*INDEX('🔖 배합비 참조'!$B$2:$CE$83,MATCH("자연치즈(체다치즈)",'🔖 배합비 참조'!$A$2:$A$83,0),MATCH($C10,'🔖 배합비 참조'!$B$1:$CE$1,0))/100,0),""))),"") -> 0 | BN10: =IFERROR(IF($C10="","",IF($D10="","",IFERROR(ROUND($D10*INDEX('🔖 배합비 참조'!$B$2:$CE$83,MATCH("정제수",'🔖 배합비 참조'!$A$2:$A$83,0),MATCH($C10,'🔖 배합비 참조'!$B$1:$CE$1,0))/100,0),""))),"") -> 8 | BO10: =IFERROR(IF($C10="","",IF($D10="","",IFERROR(ROUND($D10*INDEX('🔖 배합비 참조'!$B$2:$CE$83,MATCH("젤라틴",'🔖 배합비 참조'!$A$2:$A$83,0),MATCH($C10,'🔖 배합비 참조'!$B$1:$CE$1,0))/100,0),""))),"") -> 0 | BP10: =IFERROR(IF($C10="","",IF($D10="","",IFERROR(ROUND($D10*INDEX('🔖 배합비 참조'!$B$2:$CE$83,MATCH("조림류(백옥앙금)",'🔖 배합비 참조'!$A$2:$A$83,0),MATCH($C10,'🔖 배합비 참조'!$B$1:$CE$1,0))/100,0),""))),"") -> 0 | BQ10: =IFERROR(IF($C10="","",IF($D10="","",IFERROR(ROUND($D10*INDEX('🔖 배합비 참조'!$B$2:$CE$83,MATCH("조림류(통팥앙금)",'🔖 배합비 참조'!$A$2:$A$83,0),MATCH($C10,'🔖 배합비 참조'!$B$1:$CE$1,0))/100,0),""))),"") -> 0 | BR10: =IFERROR(IF($C10="","",IF($D10="","",IFERROR(ROUND($D10*INDEX('🔖 배합비 참조'!$B$2:$CE$83,MATCH("준초콜릿(외국산)",'🔖 배합비 참조'!$A$2:$A$83,0),MATCH($C10,'🔖 배합비 참조'!$B$1:$CE$1,0))/100,0),""))),"") -> 0 | BS10: =IFERROR(IF($C10="","",IF($D10="","",IFERROR(ROUND($D10*INDEX('🔖 배합비 참조'!$B$2:$CE$83,MATCH("중력분",'🔖 배합비 참조'!$A$2:$A$83,0),MATCH($C10,'🔖 배합비 참조'!$B$1:$CE$1,0))/100,0),""))),"") -> 0 | BT10: =IFERROR(IF($C10="","",IF($D10="","",IFERROR(ROUND($D10*INDEX('🔖 배합비 참조'!$B$2:$CE$83,MATCH("참깨(인도산,나이지리아산,탄자니아산,미얀마산)",'🔖 배합비 참조'!$A$2:$A$83,0),MATCH($C10,'🔖 배합비 참조'!$B$1:$CE$1,0))/100,0),""))),"") -> 0 | BU10: =IFERROR(IF($C10="","",IF($D10="","",IFERROR(ROUND($D10*INDEX('🔖 배합비 참조'!$B$2:$CE$83,MATCH("찹쌀(국내산)",'🔖 배합비 참조'!$A$2:$A$83,0),MATCH($C10,'🔖 배합비 참조'!$B$1:$CE$1,0))/100,0),""))),"") -> 0 | BV10: =IFERROR(IF($C10="","",IF($D10="","",IFERROR(ROUND($D10*INDEX('🔖 배합비 참조'!$B$2:$CE$83,MATCH("천일염",'🔖 배합비 참조'!$A$2:$A$83,0),MATCH($C10,'🔖 배합비 참조'!$B$1:$CE$1,0))/100,0),""))),"") -> 1 | BW10: =IFERROR(IF($C10="","",IF($D10="","",IFERROR(ROUND($D10*INDEX('🔖 배합비 참조'!$B$2:$CE$83,MATCH("치즈 [크림치즈]",'🔖 배합비 참조'!$A$2:$A$83,0),MATCH($C10,'🔖 배합비 참조'!$B$1:$CE$1,0))/100,0),""))),"") -> 0 | BX10: =IFERROR(IF($C10="","",IF($D10="","",IFERROR(ROUND($D10*INDEX('🔖 배합비 참조'!$B$2:$CE$83,MATCH("코코아가공품류(코코아분말)",'🔖 배합비 참조'!$A$2:$A$83,0),MATCH($C10,'🔖 배합비 참조'!$B$1:$CE$1,0))/100,0),""))),"") -> 0 | BY10: =IFERROR(IF($C10="","",IF($D10="","",IFERROR(ROUND($D10*INDEX('🔖 배합비 참조'!$B$2:$CE$83,MATCH("콩기름(대두유)",'🔖 배합비 참조'!$A$2:$A$83,0),MATCH($C10,'🔖 배합비 참조'!$B$1:$CE$1,0))/100,0),""))),"") -> 0 | BZ10: =IFERROR(IF($C10="","",IF($D10="","",IFERROR(ROUND($D10*INDEX('🔖 배합비 참조'!$B$2:$CE$83,MATCH("해바라기씨앗",'🔖 배합비 참조'!$A$2:$A$83,0),MATCH($C10,'🔖 배합비 참조'!$B$1:$CE$1,0))/100,0),""))),"") -> 0 | CA10: =IFERROR(IF($C10="","",IF($D10="","",IFERROR(ROUND($D10*INDEX('🔖 배합비 참조'!$B$2:$CE$83,MATCH("현미(국내산)",'🔖 배합비 참조'!$A$2:$A$83,0),MATCH($C10,'🔖 배합비 참조'!$B$1:$CE$1,0))/100,0),""))),"") -> 0 | CB10: =IFERROR(IF($C10="","",IF($D10="","",IFERROR(ROUND($D10*INDEX('🔖 배합비 참조'!$B$2:$CE$83,MATCH("현미멥쌀(국내산)",'🔖 배합비 참조'!$A$2:$A$83,0),MATCH($C10,'🔖 배합비 참조'!$B$1:$CE$1,0))/100,0),""))),"") -> 0 | CC10: =IFERROR(IF($C10="","",IF($D10="","",IFERROR(ROUND($D10*INDEX('🔖 배합비 참조'!$B$2:$CE$83,MATCH("호두분태(미국산)",'🔖 배합비 참조'!$A$2:$A$83,0),MATCH($C10,'🔖 배합비 참조'!$B$1:$CE$1,0))/100,0),""))),"") -> 0 | CD10: =IFERROR(IF($C10="","",IF($D10="","",IFERROR(ROUND($D10*INDEX('🔖 배합비 참조'!$B$2:$CE$83,MATCH("호박씨앗(외국산)",'🔖 배합비 참조'!$A$2:$A$83,0),MATCH($C10,'🔖 배합비 참조'!$B$1:$CE$1,0))/100,0),""))),"") -> 0 | CE10: =IFERROR(IF($C10="","",IF($D10="","",IFERROR(ROUND($D10*INDEX('🔖 배합비 참조'!$B$2:$CE$83,MATCH("혼합제제(떡용에스텔)",'🔖 배합비 참조'!$A$2:$A$83,0),MATCH($C10,'🔖 배합비 참조'!$B$1:$CE$1,0))/100,0),""))),"") -> 0 | CF10: =IFERROR(IF($C10="","",IF($D10="","",IFERROR(ROUND($D10*INDEX('🔖 배합비 참조'!$B$2:$CE$83,MATCH("혼합제제(스테비아)",'🔖 배합비 참조'!$A$2:$A$83,0),MATCH($C10,'🔖 배합비 참조'!$B$1:$CE$1,0))/100,0),""))),"") -> 0 | CG10: =IFERROR(IF($C10="","",IF($D10="","",IFERROR(ROUND($D10*INDEX('🔖 배합비 참조'!$B$2:$CE$83,MATCH("화이트초콜릿",'🔖 배합비 참조'!$A$2:$A$83,0),MATCH($C10,'🔖 배합비 참조'!$B$1:$CE$1,0))/100,0),""))),"") -> 0 | CH10: =IFERROR(IF($C10="","",IF($D10="","",IFERROR(ROUND($D10*INDEX('🔖 배합비 참조'!$B$2:$CE$83,MATCH("흑미찹쌀(국내산)",'🔖 배합비 참조'!$A$2:$A$83,0),MATCH($C10,'🔖 배합비 참조'!$B$1:$CE$1,0))/100,0),""))),"") -> 0 | CI10: =IFERROR(IF($C10="","",IF($D10="","",IFERROR(ROUND($D10*INDEX('🔖 배합비 참조'!$B$2:$CE$83,MATCH("찰옥수수전분(미국산)",'🔖 배합비 참조'!$A$2:$A$83,0),MATCH($C10,'🔖 배합비 참조'!$B$1:$CE$1,0))/100,0),""))),"") -> 0 | CL10: 2025-10
A11: 7 | B11: 45945 | C11: 우유설기 | D11: 120 | G11: =IFERROR(IF($C11="","",IF($D11="","",IFERROR(ROUND($D11*INDEX('🔖 배합비 참조'!$B$2:$CE$83,MATCH("간장",'🔖 배합비 참조'!$A$2:$A$83,0),MATCH($C11,'🔖 배합비 참조'!$B$1:$CE$1,0))/100,0),""))),"") -> 0 | H11: =IFERROR(IF($C11="","",IF($D11="","",IFERROR(ROUND($D11*INDEX('🔖 배합비 참조'!$B$2:$CE$83,MATCH("강낭콩((울타리콩))",'🔖 배합비 참조'!$A$2:$A$83,0),MATCH($C11,'🔖 배합비 참조'!$B$1:$CE$1,0))/100,0),""))),"") -> 0 | I11: =IFERROR(IF($C11="","",IF($D11="","",IFERROR(ROUND($D11*INDEX('🔖 배합비 참조'!$B$2:$CE$83,MATCH("건조딸기다이스(외국산)",'🔖 배합비 참조'!$A$2:$A$83,0),MATCH($C11,'🔖 배합비 참조'!$B$1:$CE$1,0))/100,0),""))),"") -> 0 | J11: =IFERROR(IF($C11="","",IF($D11="","",IFERROR(ROUND($D11*INDEX('🔖 배합비 참조'!$B$2:$CE$83,MATCH("건포도",'🔖 배합비 참조'!$A$2:$A$83,0),MATCH($C11,'🔖 배합비 참조'!$B$1:$CE$1,0))/100,0),""))),"") -> 0 | K11: =IFERROR(IF($C11="","",IF($D11="","",IFERROR(ROUND($D11*INDEX('🔖 배합비 참조'!$B$2:$CE$83,MATCH("건호박채(중국산)",'🔖 배합비 참조'!$A$2:$A$83,0),MATCH($C11,'🔖 배합비 참조'!$B$1:$CE$1,0))/100,0),""))),"") -> 0 | L11: =IFERROR(IF($C11="","",IF($D11="","",IFERROR(ROUND($D11*INDEX('🔖 배합비 참조'!$B$2:$CE$83,MATCH("검정깨(흑임자)",'🔖 배합비 참조'!$A$2:$A$83,0),MATCH($C11,'🔖 배합비 참조'!$B$1:$CE$1,0))/100,0),""))),"") -> 0 | M11: =IFERROR(IF($C11="","",IF($D11="","",IFERROR(ROUND($D11*INDEX('🔖 배합비 참조'!$B$2:$CE$83,MATCH("검정콩",'🔖 배합비 참조'!$A$2:$A$83,0),MATCH($C11,'🔖 배합비 참조'!$B$1:$CE$1,0))/100,0),""))),"") -> 0 | N11: =IFERROR(IF($C11="","",IF($D11="","",IFERROR(ROUND($D11*INDEX('🔖 배합비 참조'!$B$2:$CE$83,MATCH("계피가루",'🔖 배합비 참조'!$A$2:$A$83,0),MATCH($C11,'🔖 배합비 참조'!$B$1:$CE$1,0))/100,0),""))),"") -> 0 | O11: =IFERROR(IF($C11="","",IF($D11="","",IFERROR(ROUND($D11*INDEX('🔖 배합비 참조'!$B$2:$CE$83,MATCH("고구마가루",'🔖 배합비 참조'!$A$2:$A$83,0),MATCH($C11,'🔖 배합비 참조'!$B$1:$CE$1,0))/100,0),""))),"") -> 0 | P11: =IFERROR(IF($C11="","",IF($D11="","",IFERROR(ROUND($D11*INDEX('🔖 배합비 참조'!$B$2:$CE$83,MATCH("고구마무스",'🔖 배합비 참조'!$A$2:$A$83,0),MATCH($C11,'🔖 배합비 참조'!$B$1:$CE$1,0))/100,0),""))),"") -> 0 | Q11: =IFERROR(IF($C11="","",IF($D11="","",IFERROR(ROUND($D11*INDEX('🔖 배합비 참조'!$B$2:$CE$83,MATCH("고려엉겅퀴((곤드레)국내산)",'🔖 배합비 참조'!$A$2:$A$83,0),MATCH($C11,'🔖 배합비 참조'!$B$1:$CE$1,0))/100,0),""))),"") -> 0 | R11: =IFERROR(IF($C11="","",IF($D11="","",IFERROR(ROUND($D11*INDEX('🔖 배합비 참조'!$B$2:$CE$83,MATCH("기타가공품(복분자가루)",'🔖 배합비 참조'!$A$2:$A$83,0),MATCH($C11,'🔖 배합비 참조'!$B$1:$CE$1,0))/100,0),""))),"") -> 0 | S11: =IFERROR(IF($C11="","",IF($D11="","",IFERROR(ROUND($D11*INDEX('🔖 배합비 참조'!$B$2:$CE$83,MATCH("기타가공품(슈퍼소프트엠)",'🔖 배합비 참조'!$A$2:$A$83,0),MATCH($C11,'🔖 배합비 참조'!$B$1:$CE$1,0))/100,0),""))),"") -> 0 | T11: =IFERROR(IF($C11="","",IF($D11="","",IFERROR(ROUND($D11*INDEX('🔖 배합비 참조'!$B$2:$CE$83,MATCH("기타가공품(파인소프트 E-티)",'🔖 배합비 참조'!$A$2:$A$83,0),MATCH($C11,'🔖 배합비 참조'!$B$1:$CE$1,0))/100,0),""))),"") -> 0 | U11: =IFERROR(IF($C11="","",IF($D11="","",IFERROR(ROUND($D11*INDEX('🔖 배합비 참조'!$B$2:$CE$83,MATCH("기타가공품(프리미엄카스테라가루)",'🔖 배합비 참조'!$A$2:$A$83,0),MATCH($C11,'🔖 배합비 참조'!$B$1:$CE$1,0))/100,0),""))),"") -> 0 | V11: =IFERROR(IF($C11="","",IF($D11="","",IFERROR(ROUND($D11*INDEX('🔖 배합비 참조'!$B$2:$CE$83,MATCH("기타가공품(흑임자가루)",'🔖 배합비 참조'!$A$2:$A$83,0),MATCH($C11,'🔖 배합비 참조'!$B$1:$CE$1,0))/100,0),""))),"") -> 0 | W11: =IFERROR(IF($C11="","",IF($D11="","",IFERROR(ROUND($D11*INDEX('🔖 배합비 참조'!$B$2:$CE$83,MATCH("기타설탕(흑설탕)",'🔖 배합비 참조'!$A$2:$A$83,0),MATCH($C11,'🔖 배합비 참조'!$B$1:$CE$1,0))/100,0),""))),"") -> 0 | X11: =IFERROR(IF($C11="","",IF($D11="","",IFERROR(ROUND($D11*INDEX('🔖 배합비 참조'!$B$2:$CE$83,MATCH("냉동쑥(국내산)",'🔖 배합비 참조'!$A$2:$A$83,0),MATCH($C11,'🔖 배합비 참조'!$B$1:$CE$1,0))/100,0),""))),"") -> 0 | Y11: =IFERROR(IF($C11="","",IF($D11="","",IFERROR(ROUND($D11*INDEX('🔖 배합비 참조'!$B$2:$CE$83,MATCH("냉동증숙고구마(중국산)",'🔖 배합비 참조'!$A$2:$A$83,0),MATCH($C11,'🔖 배합비 참조'!$B$1:$CE$1,0))/100,0),""))),"") -> 0 | Z11: =IFERROR(IF($C11="","",IF($D11="","",IFERROR(ROUND($D11*INDEX('🔖 배합비 참조'!$B$2:$CE$83,MATCH("녹차가루",'🔖 배합비 참조'!$A$2:$A$83,0),MATCH($C11,'🔖 배합비 참조'!$B$1:$CE$1,0))/100,0),""))),"") -> 0 | AA11: =IFERROR(IF($C11="","",IF($D11="","",IFERROR(ROUND($D11*INDEX('🔖 배합비 참조'!$B$2:$CE$83,MATCH("다크초콜릿 컴파운드칩",'🔖 배합비 참조'!$A$2:$A$83,0),MATCH($C11,'🔖 배합비 참조'!$B$1:$CE$1,0))/100,0),""))),"") -> 0 | AB11: =IFERROR(IF($C11="","",IF($D11="","",IFERROR(ROUND($D11*INDEX('🔖 배합비 참조'!$B$2:$CE$83,MATCH("단호박분말(중국산)",'🔖 배합비 참조'!$A$2:$A$83,0),MATCH($C11,'🔖 배합비 참조'!$B$1:$CE$1,0))/100,0),""))),"") -> 0 | AC11: =IFERROR(IF($C11="","",IF($D11="","",IFERROR(ROUND($D11*INDEX('🔖 배합비 참조'!$B$2:$CE$83,MATCH("당류가공품(단호박농축액)",'🔖 배합비 참조'!$A$2:$A$83,0),MATCH($C11,'🔖 배합비 참조'!$B$1:$CE$1,0))/100,0),""))),"") -> 0 | AD11: =IFERROR(IF($C11="","",IF($D11="","",IFERROR(ROUND($D11*INDEX('🔖 배합비 참조'!$B$2:$CE$83,MATCH("당류가공품(알룰로스,에리스리톨,스테비올배당체혼합)",'🔖 배합비 참조'!$A$2:$A$83,0),MATCH($C11,'🔖 배합비 참조'!$B$1:$CE$1,0))/100,0),""))),"") -> 0 | AE11: =IFERROR(IF($C11="","",IF($D11="","",IFERROR(ROUND($D11*INDEX('🔖 배합비 참조'!$B$2:$CE$83,MATCH("당류가공품(알룰로스제로파우더)",'🔖 배합비 참조'!$A$2:$A$83,0),MATCH($C11,'🔖 배합비 참조'!$B$1:$CE$1,0))/100,0),""))),"") -> 0 | AF11: =IFERROR(IF($C11="","",IF($D11="","",IFERROR(ROUND($D11*INDEX('🔖 배합비 참조'!$B$2:$CE$83,MATCH("당절임(완두배기)",'🔖 배합비 참조'!$A$2:$A$83,0),MATCH($C11,'🔖 배합비 참조'!$B$1:$CE$1,0))/100,0),""))),"") -> 0 | AG11: =IFERROR(IF($C11="","",IF($D11="","",IFERROR(ROUND($D11*INDEX('🔖 배합비 참조'!$B$2:$CE$83,MATCH("대추농축액",'🔖 배합비 참조'!$A$2:$A$83,0),MATCH($C11,'🔖 배합비 참조'!$B$1:$CE$1,0))/100,0),""))),"") -> 0 | AH11: =IFERROR(IF($C11="","",IF($D11="","",IFERROR(ROUND($D11*INDEX('🔖 배합비 참조'!$B$2:$CE$83,MATCH("대추채(국내산)",'🔖 배합비 참조'!$A$2:$A$83,0),MATCH($C11,'🔖 배합비 참조'!$B$1:$CE$1,0))/100,0),""))),"") -> 0 | AI11: =IFERROR(IF($C11="","",IF($D11="","",IFERROR(ROUND($D11*INDEX('🔖 배합비 참조'!$B$2:$CE$83,MATCH("동부(미얀마산)",'🔖 배합비 참조'!$A$2:$A$83,0),MATCH($C11,'🔖 배합비 참조'!$B$1:$CE$1,0))/100,0),""))),"") -> 0 | AJ11: =IFERROR(IF($C11="","",IF($D11="","",IFERROR(ROUND($D11*INDEX('🔖 배합비 참조'!$B$2:$CE$83,MATCH("두류가공품(백옥앙금)",'🔖 배합비 참조'!$A$2:$A$83,0),MATCH($C11,'🔖 배합비 참조'!$B$1:$CE$1,0))/100,0),""))),"") -> 0 | AK11: =IFERROR(IF($C11="","",IF($D11="","",IFERROR(ROUND($D11*INDEX('🔖 배합비 참조'!$B$2:$CE$83,MATCH("두류가공품(콩고물)",'🔖 배합비 참조'!$A$2:$A$83,0),MATCH($C11,'🔖 배합비 참조'!$B$1:$CE$1,0))/100,0),""))),"") -> 0 | AL11: =IFERROR(IF($C11="","",IF($D11="","",IFERROR(ROUND($D11*INDEX('🔖 배합비 참조'!$B$2:$CE$83,MATCH("두류가공품(통팥고물)",'🔖 배합비 참조'!$A$2:$A$83,0),MATCH($C11,'🔖 배합비 참조'!$B$1:$CE$1,0))/100,0),""))),"") -> 0 | AM11: =IFERROR(IF($C11="","",IF($D11="","",IFERROR(ROUND($D11*INDEX('🔖 배합비 참조'!$B$2:$CE$83,MATCH("딸기레진",'🔖 배합비 참조'!$A$2:$A$83,0),MATCH($C11,'🔖 배합비 참조'!$B$1:$CE$1,0))/100,0),""))),"") -> 0 | AN11: =IFERROR(IF($C11="","",IF($D11="","",IFERROR(ROUND($D11*INDEX('🔖 배합비 참조'!$B$2:$CE$83,MATCH("딸기분말(스트로우베리에이드(분말))",'🔖 배합비 참조'!$A$2:$A$83,0),MATCH($C11,'🔖 배합비 참조'!$B$1:$CE$1,0))/100,0),""))),"") -> 0 | AO11: =IFERROR(IF($C11="","",IF($D11="","",IFERROR(ROUND($D11*INDEX('🔖 배합비 참조'!$B$2:$CE$83,MATCH("마스카포네치즈",'🔖 배합비 참조'!$A$2:$A$83,0),MATCH($C11,'🔖 배합비 참조'!$B$1:$CE$1,0))/100,0),""))),"") -> 0 | AP11: =IFERROR(IF($C11="","",IF($D11="","",IFERROR(ROUND($D11*INDEX('🔖 배합비 참조'!$B$2:$CE$83,MATCH("마카다미아분태(호주산)",'🔖 배합비 참조'!$A$2:$A$83,0),MATCH($C11,'🔖 배합비 참조'!$B$1:$CE$1,0))/100,0),""))),"") -> 0 | AQ11: =IFERROR(IF($C11="","",IF($D11="","",IFERROR(ROUND($D11*INDEX('🔖 배합비 참조'!$B$2:$CE$83,MATCH("멥쌀(국내산)",'🔖 배합비 참조'!$A$2:$A$83,0),MATCH($C11,'🔖 배합비 참조'!$B$1:$CE$1,0))/100,0),""))),"") -> 83 | AR11: =IFERROR(IF($C11="","",IF($D11="","",IFERROR(ROUND($D11*INDEX('🔖 배합비 참조'!$B$2:$CE$83,MATCH("모시잎(국내산)",'🔖 배합비 참조'!$A$2:$A$83,0),MATCH($C11,'🔖 배합비 참조'!$B$1:$CE$1,0))/100,0),""))),"") -> 0 | AS11: =IFERROR(IF($C11="","",IF($D11="","",IFERROR(ROUND($D11*INDEX('🔖 배합비 참조'!$B$2:$CE$83,MATCH("물엿(저당물엿)",'🔖 배합비 참조'!$A$2:$A$83,0),MATCH($C11,'🔖 배합비 참조'!$B$1:$CE$1,0))/100,0),""))),"") -> 0 | AT11: =IFERROR(IF($C11="","",IF($D11="","",IFERROR(ROUND($D11*INDEX('🔖 배합비 참조'!$B$2:$CE$83,MATCH("밤다이스",'🔖 배합비 참조'!$A$2:$A$83,0),MATCH($C11,'🔖 배합비 참조'!$B$1:$CE$1,0))/100,0),""))),"") -> 0 | AU11: =IFERROR(IF($C11="","",IF($D11="","",IFERROR(ROUND($D11*INDEX('🔖 배합비 참조'!$B$2:$CE$83,MATCH("변성전분(타피오카전분)",'🔖 배합비 참조'!$A$2:$A$83,0),MATCH($C11,'🔖 배합비 참조'!$B$1:$CE$1,0))/100,0),""))),"") -> 0 | AV11: =IFERROR(IF($C11="","",IF($D11="","",IFERROR(ROUND($D11*INDEX('🔖 배합비 참조'!$B$2:$CE$83,MATCH("복음땅콩분태",'🔖 배합비 참조'!$A$2:$A$83,0),MATCH($C11,'🔖 배합비 참조'!$B$1:$CE$1,0))/100,0),""))),"") -> 0 | AW11: =IFERROR(IF($C11="","",IF($D11="","",IFERROR(ROUND($D11*INDEX('🔖 배합비 참조'!$B$2:$CE$83,MATCH("사양벌꿀(국내산)",'🔖 배합비 참조'!$A$2:$A$83,0),MATCH($C11,'🔖 배합비 참조'!$B$1:$CE$1,0))/100,0),""))),"") -> 0 | AX11: =IFERROR(IF($C11="","",IF($D11="","",IFERROR(ROUND($D11*INDEX('🔖 배합비 참조'!$B$2:$CE$83,MATCH("생크림",'🔖 배합비 참조'!$A$2:$A$83,0),MATCH($C11,'🔖 배합비 참조'!$B$1:$CE$1,0))/100,0),""))),"") -> 0 | AY11: =IFERROR(IF($C11="","",IF($D11="","",IFERROR(ROUND($D11*INDEX('🔖 배합비 참조'!$B$2:$CE$83,MATCH("서양호박(국내산,뉴질랜드산)",'🔖 배합비 참조'!$A$2:$A$83,0),MATCH($C11,'🔖 배합비 참조'!$B$1:$CE$1,0))/100,0),""))),"") -> 0 | AZ11: =IFERROR(IF($C11="","",IF($D11="","",IFERROR(ROUND($D11*INDEX('🔖 배합비 참조'!$B$2:$CE$83,MATCH("설탕",'🔖 배합비 참조'!$A$2:$A$83,0),MATCH($C11,'🔖 배합비 참조'!$B$1:$CE$1,0))/100,0),""))),"") -> 14 | BA11: =IFERROR(IF($C11="","",IF($D11="","",IFERROR(ROUND($D11*INDEX('🔖 배합비 참조'!$B$2:$CE$83,MATCH("스트로우베리 에이드 후레쉬",'🔖 배합비 참조'!$A$2:$A$83,0),MATCH($C11,'🔖 배합비 참조'!$B$1:$CE$1,0))/100,0),""))),"") -> 0 | BB11: =IFERROR(IF($C11="","",IF($D11="","",IFERROR(ROUND($D11*INDEX('🔖 배합비 참조'!$B$2:$CE$83,MATCH("식물성기름혼합제제(분홍)",'🔖 배합비 참조'!$A$2:$A$83,0),MATCH($C11,'🔖 배합비 참조'!$B$1:$CE$1,0))/100,0),""))),"") -> 0 | BC11: =IFERROR(IF($C11="","",IF($D11="","",IFERROR(ROUND($D11*INDEX('🔖 배합비 참조'!$B$2:$CE$83,MATCH("식물성기름혼합제제(초록)",'🔖 배합비 참조'!$A$2:$A$83,0),MATCH($C11,'🔖 배합비 참조'!$B$1:$CE$1,0))/100,0),""))),"") -> 0 | BD11: =IFERROR(IF($C11="","",IF($D11="","",IFERROR(ROUND($D11*INDEX('🔖 배합비 참조'!$B$2:$CE$83,MATCH("식물성기름혼합제제(황색)",'🔖 배합비 참조'!$A$2:$A$83,0),MATCH($C11,'🔖 배합비 참조'!$B$1:$CE$1,0))/100,0),""))),"") -> 0 | BE11: =IFERROR(IF($C11="","",IF($D11="","",IFERROR(ROUND($D11*INDEX('🔖 배합비 참조'!$B$2:$CE$83,MATCH("쑥가루(국내산)",'🔖 배합비 참조'!$A$2:$A$83,0),MATCH($C11,'🔖 배합비 참조'!$B$1:$CE$1,0))/100,0),""))),"") -> 0 | BF11: =IFERROR(IF($C11="","",IF($D11="","",IFERROR(ROUND($D11*INDEX('🔖 배합비 참조'!$B$2:$CE$83,MATCH("아몬드슬라이스",'🔖 배합비 참조'!$A$2:$A$83,0),MATCH($C11,'🔖 배합비 참조'!$B$1:$CE$1,0))/100,0),""))),"") -> 0 | BG11: =IFERROR(IF($C11="","",IF($D11="","",IFERROR(ROUND($D11*INDEX('🔖 배합비 참조'!$B$2:$CE$83,MATCH("알룰로오스(국내산)",'🔖 배합비 참조'!$A$2:$A$83,0),MATCH($C11,'🔖 배합비 참조'!$B$1:$CE$1,0))/100,0),""))),"") -> 0 | BH11: =IFERROR(IF($C11="","",IF($D11="","",IFERROR(ROUND($D11*INDEX('🔖 배합비 참조'!$B$2:$CE$83,MATCH("연유",'🔖 배합비 참조'!$A$2:$A$83,0),MATCH($C11,'🔖 배합비 참조'!$B$1:$CE$1,0))/100,0),""))),"") -> 0 | BI11: =IFERROR(IF($C11="","",IF($D11="","",IFERROR(ROUND($D11*INDEX('🔖 배합비 참조'!$B$2:$CE$83,MATCH("옥수수전분",'🔖 배합비 참조'!$A$2:$A$83,0),MATCH($C11,'🔖 배합비 참조'!$B$1:$CE$1,0))/100,0),""))),"") -> 0 | BJ11: =IFERROR(IF($C11="","",IF($D11="","",IFERROR(ROUND($D11*INDEX('🔖 배합비 참조'!$B$2:$CE$83,MATCH("완두배기",'🔖 배합비 참조'!$A$2:$A$83,0),MATCH($C11,'🔖 배합비 참조'!$B$1:$CE$1,0))/100,0),""))),"") -> 0 | BK11: =IFERROR(IF($C11="","",IF($D11="","",IFERROR(ROUND($D11*INDEX('🔖 배합비 참조'!$B$2:$CE$83,MATCH("우유(국내산)",'🔖 배합비 참조'!$A$2:$A$83,0),MATCH($C11,'🔖 배합비 참조'!$B$1:$CE$1,0))/100,0),""))),"") -> 11 | BL11: =IFERROR(IF($C11="","",IF($D11="","",IFERROR(ROUND($D11*INDEX('🔖 배합비 참조'!$B$2:$CE$83,MATCH("자색고구마가루(중국산)",'🔖 배합비 참조'!$A$2:$A$83,0),MATCH($C11,'🔖 배합비 참조'!$B$1:$CE$1,0))/100,0),""))),"") -> 0 | BM11: =IFERROR(IF($C11="","",IF($D11="","",IFERROR(ROUND($D11*INDEX('🔖 배합비 참조'!$B$2:$CE$83,MATCH("자연치즈(체다치즈)",'🔖 배합비 참조'!$A$2:$A$83,0),MATCH($C11,'🔖 배합비 참조'!$B$1:$CE$1,0))/100,0),""))),"") -> 0 | BN11: =IFERROR(IF($C11="","",IF($D11="","",IFERROR(ROUND($D11*INDEX('🔖 배합비 참조'!$B$2:$CE$83,MATCH("정제수",'🔖 배합비 참조'!$A$2:$A$83,0),MATCH($C11,'🔖 배합비 참조'!$B$1:$CE$1,0))/100,0),""))),"") -> 11 | BO11: =IFERROR(IF($C11="","",IF($D11="","",IFERROR(ROUND($D11*INDEX('🔖 배합비 참조'!$B$2:$CE$83,MATCH("젤라틴",'🔖 배합비 참조'!$A$2:$A$83,0),MATCH($C11,'🔖 배합비 참조'!$B$1:$CE$1,0))/100,0),""))),"") -> 0 | BP11: =IFERROR(IF($C11="","",IF($D11="","",IFERROR(ROUND($D11*INDEX('🔖 배합비 참조'!$B$2:$CE$83,MATCH("조림류(백옥앙금)",'🔖 배합비 참조'!$A$2:$A$83,0),MATCH($C11,'🔖 배합비 참조'!$B$1:$CE$1,0))/100,0),""))),"") -> 0 | BQ11: =IFERROR(IF($C11="","",IF($D11="","",IFERROR(ROUND($D11*INDEX('🔖 배합비 참조'!$B$2:$CE$83,MATCH("조림류(통팥앙금)",'🔖 배합비 참조'!$A$2:$A$83,0),MATCH($C11,'🔖 배합비 참조'!$B$1:$CE$1,0))/100,0),""))),"") -> 0 | BR11: =IFERROR(IF($C11="","",IF($D11="","",IFERROR(ROUND($D11*INDEX('🔖 배합비 참조'!$B$2:$CE$83,MATCH("준초콜릿(외국산)",'🔖 배합비 참조'!$A$2:$A$83,0),MATCH($C11,'🔖 배합비 참조'!$B$1:$CE$1,0))/100,0),""))),"") -> 0 | BS11: =IFERROR(IF($C11="","",IF($D11="","",IFERROR(ROUND($D11*INDEX('🔖 배합비 참조'!$B$2:$CE$83,MATCH("중력분",'🔖 배합비 참조'!$A$2:$A$83,0),MATCH($C11,'🔖 배합비 참조'!$B$1:$CE$1,0))/100,0),""))),"") -> 0 | BT11: =IFERROR(IF($C11="","",IF($D11="","",IFERROR(ROUND($D11*INDEX('🔖 배합비 참조'!$B$2:$CE$83,MATCH("참깨(인도산,나이지리아산,탄자니아산,미얀마산)",'🔖 배합비 참조'!$A$2:$A$83,0),MATCH($C11,'🔖 배합비 참조'!$B$1:$CE$1,0))/100,0),""))),"") -> 0 | BU11: =IFERROR(IF($C11="","",IF($D11="","",IFERROR(ROUND($D11*INDEX('🔖 배합비 참조'!$B$2:$CE$83,MATCH("찹쌀(국내산)",'🔖 배합비 참조'!$A$2:$A$83,0),MATCH($C11,'🔖 배합비 참조'!$B$1:$CE$1,0))/100,0),""))),"") -> 0 | BV11: =IFERROR(IF($C11="","",IF($D11="","",IFERROR(ROUND($D11*INDEX('🔖 배합비 참조'!$B$2:$CE$83,MATCH("천일염",'🔖 배합비 참조'!$A$2:$A$83,0),MATCH($C11,'🔖 배합비 참조'!$B$1:$CE$1,0))/100,0),""))),"") -> 1 | BW11: =IFERROR(IF($C11="","",IF($D11="","",IFERROR(ROUND($D11*INDEX('🔖 배합비 참조'!$B$2:$CE$83,MATCH("치즈 [크림치즈]",'🔖 배합비 참조'!$A$2:$A$83,0),MATCH($C11,'🔖 배합비 참조'!$B$1:$CE$1,0))/100,0),""))),"") -> 0 | BX11: =IFERROR(IF($C11="","",IF($D11="","",IFERROR(ROUND($D11*INDEX('🔖 배합비 참조'!$B$2:$CE$83,MATCH("코코아가공품류(코코아분말)",'🔖 배합비 참조'!$A$2:$A$83,0),MATCH($C11,'🔖 배합비 참조'!$B$1:$CE$1,0))/100,0),""))),"") -> 0 | BY11: =IFERROR(IF($C11="","",IF($D11="","",IFERROR(ROUND($D11*INDEX('🔖 배합비 참조'!$B$2:$CE$83,MATCH("콩기름(대두유)",'🔖 배합비 참조'!$A$2:$A$83,0),MATCH($C11,'🔖 배합비 참조'!$B$1:$CE$1,0))/100,0),""))),"") -> 0 | BZ11: =IFERROR(IF($C11="","",IF($D11="","",IFERROR(ROUND($D11*INDEX('🔖 배합비 참조'!$B$2:$CE$83,MATCH("해바라기씨앗",'🔖 배합비 참조'!$A$2:$A$83,0),MATCH($C11,'🔖 배합비 참조'!$B$1:$CE$1,0))/100,0),""))),"") -> 0 | CA11: =IFERROR(IF($C11="","",IF($D11="","",IFERROR(ROUND($D11*INDEX('🔖 배합비 참조'!$B$2:$CE$83,MATCH("현미(국내산)",'🔖 배합비 참조'!$A$2:$A$83,0),MATCH($C11,'🔖 배합비 참조'!$B$1:$CE$1,0))/100,0),""))),"") -> 0 | CB11: =IFERROR(IF($C11="","",IF($D11="","",IFERROR(ROUND($D11*INDEX('🔖 배합비 참조'!$B$2:$CE$83,MATCH("현미멥쌀(국내산)",'🔖 배합비 참조'!$A$2:$A$83,0),MATCH($C11,'🔖 배합비 참조'!$B$1:$CE$1,0))/100,0),""))),"") -> 0 | CC11: =IFERROR(IF($C11="","",IF($D11="","",IFERROR(ROUND($D11*INDEX('🔖 배합비 참조'!$B$2:$CE$83,MATCH("호두분태(미국산)",'🔖 배합비 참조'!$A$2:$A$83,0),MATCH($C11,'🔖 배합비 참조'!$B$1:$CE$1,0))/100,0),""))),"") -> 0 | CD11: =IFERROR(IF($C11="","",IF($D11="","",IFERROR(ROUND($D11*INDEX('🔖 배합비 참조'!$B$2:$CE$83,MATCH("호박씨앗(외국산)",'🔖 배합비 참조'!$A$2:$A$83,0),MATCH($C11,'🔖 배합비 참조'!$B$1:$CE$1,0))/100,0),""))),"") -> 0 | CE11: =IFERROR(IF($C11="","",IF($D11="","",IFERROR(ROUND($D11*INDEX('🔖 배합비 참조'!$B$2:$CE$83,MATCH("혼합제제(떡용에스텔)",'🔖 배합비 참조'!$A$2:$A$83,0),MATCH($C11,'🔖 배합비 참조'!$B$1:$CE$1,0))/100,0),""))),"") -> 0 | CF11: =IFERROR(IF($C11="","",IF($D11="","",IFERROR(ROUND($D11*INDEX('🔖 배합비 참조'!$B$2:$CE$83,MATCH("혼합제제(스테비아)",'🔖 배합비 참조'!$A$2:$A$83,0),MATCH($C11,'🔖 배합비 참조'!$B$1:$CE$1,0))/100,0),""))),"") -> 0 | CG11: =IFERROR(IF($C11="","",IF($D11="","",IFERROR(ROUND($D11*INDEX('🔖 배합비 참조'!$B$2:$CE$83,MATCH("화이트초콜릿",'🔖 배합비 참조'!$A$2:$A$83,0),MATCH($C11,'🔖 배합비 참조'!$B$1:$CE$1,0))/100,0),""))),"") -> 0 | CH11: =IFERROR(IF($C11="","",IF($D11="","",IFERROR(ROUND($D11*INDEX('🔖 배합비 참조'!$B$2:$CE$83,MATCH("흑미찹쌀(국내산)",'🔖 배합비 참조'!$A$2:$A$83,0),MATCH($C11,'🔖 배합비 참조'!$B$1:$CE$1,0))/100,0),""))),"") -> 0 | CI11: =IFERROR(IF($C11="","",IF($D11="","",IFERROR(ROUND($D11*INDEX('🔖 배합비 참조'!$B$2:$CE$83,MATCH("찰옥수수전분(미국산)",'🔖 배합비 참조'!$A$2:$A$83,0),MATCH($C11,'🔖 배합비 참조'!$B$1:$CE$1,0))/100,0),""))),"") -> 0 | CL11: 2025-10
